t_ms,pd,vd,an,ae,ad,q0,q1,q2,q3,ax,ay,az,hax,hay,haz,gx,gy,gz,mx,my,mz,baro_temp,baro_press,baro_alt,batt_mv,batt_pct
12046,-29.657,25.929,-2.023,8.886,13.063,0.95587,-0.25961,0.04199,0.13295,-0.039,0.650,0.759,0.489,0.928,1.172,-0.793,-0.427,0.366,2.989,0.900,2.767,301.19,100660.2,55.48,0,0
13186,-38.560,13.272,-2.017,8.174,4.869,0.75822,-0.64611,-0.00209,0.08376,-0.041,0.651,0.755,0.586,1.026,1.466,-0.488,-0.610,0.610,2.990,0.902,2.768,301.26,100660.3,55.48,0,0
14346,-42.510,6.143,-0.692,2.329,0.310,0.45940,-0.88760,-0.04021,0.02518,-0.040,0.657,0.755,0.489,1.124,1.172,-0.671,-0.488,0.549,2.991,0.900,2.765,301.37,100659.9,55.52,0,0
15499,-40.285,7.590,1.264,-4.602,1.336,0.10119,-0.99122,-0.07515,-0.05349,-0.042,0.647,0.752,0.293,1.221,1.221,-2.930,-0.183,0.366,2.987,0.898,2.763,301.44,100660.0,55.50,0,0
16639,-35.410,10.161,-1.699,5.854,2.191,0.63741,-0.76784,-0.01173,0.07080,-0.036,0.657,0.752,0.830,1.075,1.221,0.000,-0.122,0.427,2.988,0.896,2.762,301.55,100660.3,55.48,0,0
17809,-2.844,36.092,-12.033,-3.821,12.704,0.55834,0.29358,0.66624,-0.39852,-0.026,-1.300,-0.306,0.635,-0.733,0.489,282.837,309.570,90.881,-0.725,3.170,-1.618,301.63,100660.1,55.50,0,0
18937,12.398,30.406,-5.176,-6.204,4.569,0.81738,0.42123,0.39127,0.00849,-0.239,-0.948,-0.085,0.586,-0.440,0.586,-9.033,-7.385,2.563,-0.147,0.155,-0.098,301.73,100660.4,55.47,0,0
20197,29.515,24.626,-1.261,0.760,0.313,0.65221,0.73060,0.08998,0.18199,-0.227,-0.949,-0.045,0.489,-0.635,0.391,3.052,-2.991,-16.418,-0.142,0.443,-0.289,301.90,100660.9,55.43,0,0
21412,49.278,22.516,0.157,-0.045,-0.049,0.77454,0.40728,0.42999,-0.22433,0.851,-0.425,-0.284,1.270,0.293,0.342,-0.427,-0.610,-0.488,-1.761,0.164,3.549,302.00,100660.8,55.44,0,0
22460,71.410,23.850,-5.035,2.146,1.591,0.57057,0.41765,0.65259,-0.27456,0.850,-0.431,-0.288,1.808,-0.098,0.391,-0.427,-0.549,0.366,-1.761,0.164,3.549,302.10,100660.9,55.43,0,0
23725,97.764,24.548,6.095,-2.515,2.533,0.92474,0.34137,0.11290,-0.12686,0.852,-0.433,-0.290,1.319,0.244,0.489,-0.549,-0.488,0.610,-1.763,0.163,3.553,302.20,100660.7,55.44,0,0
24848,116.391,15.557,-1.474,0.507,-0.114,0.72648,0.39406,0.50781,-0.24102,0.863,-0.412,-0.302,1.759,0.049,0.489,0.305,1.404,-1.343,-1.693,0.165,3.462,302.29,100660.7,55.45,0,0
26138,146.344,23.456,8.885,-2.567,6.589,0.94367,0.31406,-0.10635,-0.02835,0.871,-0.403,-0.278,1.612,0.049,0.342,-0.427,-0.122,0.122,-1.683,0.164,3.441,302.41,100661.1,55.41,0,0
27143,145.882,3.868,2.620,-0.850,0.145,0.83786,0.38395,0.34295,-0.18419,0.871,-0.400,-0.272,1.563,-0.147,0.440,-0.610,-0.427,0.244,-1.685,0.163,3.444,302.49,100661.4,55.38,0,0
28511,123.808,-5.810,-4.843,1.436,1.295,0.59043,0.37572,0.66178,-0.27106,0.871,-0.396,-0.275,1.661,-0.195,0.391,-0.732,-0.000,0.671,-1.679,0.163,3.436,302.61,100660.8,55.43,9,0
29681,93.483,-14.613,5.785,-1.673,1.833,0.91123,0.35651,0.17288,-0.11815,0.875,-0.396,-0.278,1.368,-0.049,0.586,-0.549,-0.366,0.549,-6.193,-8.000,6.140,302.70,100661.2,55.40,0,0
30911,42.567,-25.630,-2.254,0.529,0.167,0.70052,0.37438,0.55832,-0.23960,0.872,-0.394,-0.281,1.466,0.049,0.586,-0.549,-0.610,0.000,-6.123,-8.000,6.116,302.80,100661.1,55.41,0,0
31974,3.400,-23.765,7.227,-1.852,3.357,0.93193,0.34578,0.08238,-0.08016,0.878,-0.394,-0.281,1.612,0.049,0.782,-0.671,-0.977,0.122,-6.101,-8.000,6.091,302.86,100661.0,55.42,0,0
33059,-40.877,-30.090,-0.299,-0.005,0.020,0.76254,0.37479,0.48283,-0.20913,0.874,-0.394,-0.274,1.514,0.147,0.733,-0.793,-0.305,0.427,-6.106,-8.000,6.070,302.95,100661.1,55.41,0,0
34214,-63.847,-16.808,8.999,-0.677,6.244,0.92088,0.38398,-0.05808,0.03020,0.872,-0.392,-0.276,1.563,0.049,0.635,-0.793,-0.366,0.549,-6.109,-8.000,6.083,303.05,100661.3,55.39,0,0
35247,-89.895,-22.982,1.835,-0.168,0.300,0.81727,0.38350,0.39852,-0.16389,0.871,-0.392,-0.272,1.417,-0.000,0.391,-0.244,-0.549,0.549,-6.103,-8.000,6.079,303.12,100661.3,55.39,0,0
36387,-106.556,-18.720,-5.190,0.367,1.596,0.60538,0.31868,0.67518,-0.27782,0.872,-0.395,-0.276,1.710,0.440,0.440,-0.732,-0.305,0.366,-6.093,-8.000,6.072,303.19,100661.4,55.39,0,0
37577,-117.554,-13.561,6.128,-0.375,2.321,0.90207,0.38940,0.18020,-0.05673,0.873,-0.396,-0.279,1.612,0.049,0.195,-0.793,-0.122,0.427,-6.101,-8.000,6.071,303.29,100661.2,55.40,0,0
38625,-127.451,-13.686,-1.578,-0.009,0.264,0.73427,0.34643,0.54327,-0.21074,0.875,-0.392,-0.275,2.052,0.049,0.489,-0.732,-0.549,0.305,-6.101,-8.000,6.070,303.34,100661.2,55.40,0,0
39765,-121.639,-0.561,8.397,0.062,4.992,0.91478,0.40323,0.02501,0.03058,0.874,-0.391,-0.276,1.856,0.049,0.684,-0.427,-0.244,0.366,-6.098,-8.000,6.070,303.40,100660.6,55.45,0,0
40935,-121.973,-3.143,-0.424,-0.109,0.220,0.76879,0.35024,0.50314,-0.18439,0.871,-0.390,-0.272,1.466,0.244,0.684,-0.793,-0.244,0.549,-6.101,-8.000,6.079,303.48,100661.1,55.41,0,0
42153,-97.916,15.300,8.974,1.861,6.703,0.86971,0.47617,-0.03246,0.12646,0.873,-0.394,-0.274,1.514,-0.293,0.244,-0.610,-0.427,0.671,-6.093,-8.000,6.067,303.55,100660.8,55.44,0,0
43293,-87.497,9.759,0.732,0.012,0.192,0.79732,0.36078,0.45944,-0.15328,0.873,-0.394,-0.274,1.319,0.147,0.830,-0.610,-0.488,0.305,-6.091,-8.000,6.070,303.64,100660.9,55.43,0,0
44508,-64.170,16.547,-6.209,-0.281,2.309,0.57653,0.26506,0.72085,-0.28092,0.874,-0.396,-0.279,1.710,0.342,0.928,-0.610,-0.549,0.244,-6.095,-8.000,6.075,303.68,100661.0,55.42,0,0
45586,-46.929,16.340,3.860,0.107,0.917,0.86596,0.37934,0.31789,-0.07880,0.873,-0.391,-0.274,1.319,0.244,0.635,-0.671,-0.732,0.427,-6.097,-8.000,6.078,303.76,100660.8,55.44,0,0
46836,-27.738,16.959,-3.913,-0.274,0.877,0.64576,0.30349,0.65525,-0.25007,0.898,-0.371,-0.224,1.612,0.293,0.830,-0.549,-1.587,-2.075,-6.502,-8.000,5.099,303.81,100660.7,55.44,0,0
47991,-7.123,21.814,7.052,0.418,3.081,0.89289,0.41810,0.17092,-0.00284,0.902,-0.370,-0.214,1.563,0.440,0.879,0.000,-0.793,-0.061,-6.466,-8.000,5.054,303.89,100660.9,55.43,0,0
49084,1.013,15.955,-1.623,0.675,-0.003,0.70145,0.36812,0.58223,-0.17999,0.916,-0.379,-0.219,1.563,0.195,0.733,3.357,3.906,1.404,-6.644,-8.000,4.787,303.94,100660.9,55.43,0,0
50239,18.759,24.173,7.592,-3.658,4.852,0.97030,0.21033,0.07324,-0.10019,0.912,-0.354,-0.208,1.612,-0.147,0.977,-0.732,-0.305,0.610,-6.253,-8.000,4.582,303.99,100660.1,55.50,0,0
51414,22.263,15.579,1.116,-0.591,0.072,0.79576,0.33077,0.48070,-0.15881,0.910,-0.351,-0.205,1.661,0.147,0.879,-0.793,-0.427,0.366,-6.233,-8.000,4.577,304.07,100661.3,55.40,0,0
52492,25.725,14.213,-3.568,2.188,0.917,0.60110,0.39481,0.67760,-0.15702,0.906,-0.356,-0.204,1.514,0.195,0.928,-0.793,-0.366,0.549,-6.287,-8.000,4.591,304.12,100661.3,55.39,0,0
53602,27.840,14.013,5.071,-2.971,1.918,0.92470,0.23980,0.26324,-0.13690,0.911,-0.357,-0.214,1.759,0.147,1.319,-0.488,-0.122,0.549,-6.251,-8.000,4.583,304.18,100661.5,55.38,0,0
54635,22.695,8.503,-0.273,0.175,0.003,0.75064,0.34550,0.54294,-0.15057,0.903,-0.357,-0.208,1.710,-0.000,0.830,-0.366,-0.183,0.366,-6.278,-8.000,4.591,304.23,100661.3,55.39,0,0
55795,30.482,18.652,7.216,-5.329,6.090,0.98497,0.08567,0.04786,-0.14616,0.905,-0.354,-0.207,1.710,0.147,0.830,-0.732,-0.427,0.549,-6.265,-8.000,4.575,304.28,100661.2,55.40,0,0
56950,24.838,9.230,0.748,-1.727,0.439,0.80522,0.24300,0.52969,-0.10571,0.875,-0.384,-0.162,1.710,0.049,0.586,-9.399,12.451,2.991,-6.530,-8.000,4.446,304.32,100660.8,55.44,0,0
58178,21.849,7.080,-2.213,3.145,0.725,0.60675,0.41511,0.67876,-0.00433,0.920,-0.372,-0.110,1.710,0.049,0.879,-1.282,-1.648,0.244,-6.778,-8.000,3.933,304.41,100661.4,55.39,0,0
59243,20.013,7.647,2.651,-5.503,2.161,0.87025,0.07921,0.43272,-0.22396,0.932,-0.336,-0.085,1.856,0.098,0.391,0.549,-0.793,-1.404,-6.304,-8.000,3.227,304.42,100661.0,55.42,0,0
60463,10.491,2.043,-0.328,0.986,0.063,0.70366,0.34292,0.61996,-0.06392,0.932,-0.336,-0.087,1.759,-0.098,0.830,-0.488,-1.953,-0.244,-6.219,-8.000,3.029,304.48,100661.3,55.40,0,0
61556,12.191,9.622,2.662,-7.897,4.720,0.87269,-0.06879,0.37177,-0.31102,0.934,-0.337,-0.081,1.856,-0.000,0.879,-0.732,-0.244,0.427,-6.201,-8.000,2.956,304.52,100661.8,55.35,0,0
62741,0.924,1.374,0.288,-0.670,0.027,0.74745,0.27251,0.59779,-0.09191,0.936,-0.335,-0.081,2.003,0.147,0.782,-1.160,-0.610,0.366,-6.211,-8.000,2.956,304.58,100661.7,55.36,0,0
63866,-5.498,2.017,-1.763,4.833,1.471,0.56929,0.46554,0.67567,0.06057,0.932,-0.337,-0.083,1.514,0.293,0.977,-0.793,-0.916,0.122,-6.211,-8.000,2.959,304.61,100661.4,55.39,0,0
65172,-7.636,5.909,2.706,-6.714,3.262,0.87277,-0.00552,0.41814,-0.25395,0.937,-0.337,-0.083,1.417,0.244,0.782,-0.549,-0.305,0.427,-6.218,-8.000,2.957,304.62,100661.4,55.39,0,0
66357,-17.048,-0.522,-0.073,0.389,0.019,0.72305,0.30499,0.61704,-0.05601,0.933,-0.337,-0.084,1.466,0.049,0.928,-0.305,-0.610,0.183,-6.206,-8.000,2.961,304.69,100660.7,55.45,0,0
67542,-8.268,12.387,0.460,-9.057,6.325,0.78063,-0.18125,0.44494,-0.39924,0.935,-0.333,-0.078,1.710,0.147,0.684,-0.488,-0.610,-0.061,-6.170,-8.000,2.948,304.72,100660.9,55.43,0,0
68665,-15.688,3.018,0.128,-1.088,0.137,0.75136,0.24515,0.60634,-0.09478,0.931,-0.333,-0.083,1.514,0.049,0.830,-0.427,-0.488,0.366,-6.088,-8.000,2.928,304.78,100661.6,55.37,0,0
69990,-13.722,6.942,-0.542,6.416,2.469,0.56575,0.52444,0.61949,0.14899,0.934,-0.334,-0.083,1.563,-0.195,0.782,-0.244,-1.160,-0.061,-6.132,-8.000,2.937,304.86,100661.5,55.38,0,0
71250,-12.901,6.430,0.530,-5.640,1.854,0.79668,0.04831,0.54845,-0.25171,0.941,-0.325,-0.064,1.954,0.293,0.879,-0.549,-0.549,0.305,-5.835,-8.000,2.627,304.89,100661.3,55.40,0,0
72553,-14.990,3.511,-0.266,3.318,0.607,0.65228,0.40663,0.63856,0.03719,0.941,-0.321,-0.055,1.759,0.391,0.684,-0.183,-0.854,-0.366,-5.856,-8.000,2.495,304.95,100661.2,55.40,0,0
73723,-8.623,9.480,0.859,-7.482,3.648,0.80479,-0.04969,0.49908,-0.31926,0.938,-0.325,-0.049,1.563,0.440,0.928,-0.549,-1.038,0.793,-5.717,-8.000,2.459,304.97,100661.5,55.38,0,0
75213,-11.370,4.091,-0.316,3.014,0.486,0.65489,0.39326,0.64456,0.02946,0.946,-0.321,-0.047,1.856,-0.244,0.586,-0.183,0.061,0.671,-5.711,-8.000,2.459,305.04,100660.8,55.44,0,0
76306,-3.851,8.477,0.983,-7.015,3.021,0.80778,-0.02523,0.51039,-0.29585,0.945,-0.319,-0.051,1.612,0.244,0.586,-0.427,-0.549,0.671,-5.714,-8.000,2.503,305.06,100661.0,55.42,0,0
77686,-7.093,3.285,-0.297,2.656,0.439,0.66543,0.37731,0.64323,0.02420,0.938,-0.322,-0.052,1.759,0.342,0.537,-0.671,-0.366,0.305,-5.718,-8.000,2.503,305.11,100661.0,55.42,0,0
78946,5.924,13.960,0.567,-8.650,5.431,0.78766,-0.12924,0.46155,-0.38785,0.938,-0.323,-0.047,1.808,0.195,0.586,1.038,-1.587,-1.892,-5.507,-8.000,2.005,305.15,100661.1,55.41,0,0
80239,-0.012,3.889,0.252,0.013,0.036,0.71059,0.28748,0.63901,-0.05937,0.944,-0.311,0.000,1.710,0.391,0.586,-0.671,-2.197,-0.488,-5.300,-8.000,1.285,305.21,100661.3,55.39,0,0
81454,-1.043,4.452,-5.201,-0.233,1.467,0.49023,0.24893,0.82163,-0.15444,0.947,-0.312,0.019,1.612,0.049,0.684,-0.305,-2.319,0.000,-5.120,-8.000,0.906,305.25,100661.8,55.35,0,0
82729,0.517,7.880,7.161,0.111,3.228,0.89768,0.30031,0.31905,0.05805,0.945,-0.307,0.037,1.466,0.147,0.586,0.000,-1.526,0.061,-4.828,-8.000,0.394,305.28,100660.9,55.43,0,0
83912,-6.926,1.328,0.726,-0.223,0.069,0.70283,0.29137,0.64448,-0.07996,0.945,-0.289,0.070,2.101,0.244,0.635,-0.366,-2.319,-0.671,-4.215,-8.000,-0.185,305.33,100660.9,55.43,0,0
85102,-8.468,3.970,-5.179,-3.527,2.101,0.50408,0.06717,0.83078,-0.22898,0.976,-0.261,0.034,1.808,0.342,0.782,-11.047,-0.610,0.244,-4.451,-8.000,-0.496,305.38,100661.1,55.41,0,0
86332,-10.905,4.000,4.139,3.807,1.889,0.75252,0.37317,0.50596,0.19931,0.935,-0.324,0.081,1.417,-0.098,0.684,-0.427,-0.183,1.709,-4.823,-8.000,-0.882,305.40,100661.3,55.39,0,0
87500,-16.021,0.955,-2.022,-1.896,0.483,0.61027,0.17466,0.76539,-0.10016,0.930,-0.322,0.104,1.661,0.195,0.830,-0.793,-0.732,0.488,-4.888,-8.000,-0.948,305.43,100661.1,55.41,0,0
88700,-10.051,9.293,6.001,5.544,4.506,0.75559,0.42062,0.38617,0.32099,0.938,-0.317,0.122,1.417,0.342,1.075,-1.587,-2.869,-0.427,-4.720,-8.000,-1.047,305.49,100661.6,55.37,0,0
90040,-13.959,3.053,-0.939,-1.056,0.417,0.63731,0.19899,0.74152,-0.05649,0.912,-0.305,0.116,1.661,0.049,0.635,0.000,-1.465,0.122,-4.125,-8.000,-1.008,305.53,100661.2,55.40,0,0
91163,-0.183,14.119,6.647,5.352,5.584,0.80313,0.36583,0.31987,0.34448,0.926,-0.283,0.102,1.514,0.537,0.586,-6.287,-3.540,1.465,-3.803,-8.000,-1.019,305.56,100660.9,55.43,0,0
92483,-2.008,5.299,0.002,0.421,0.037,0.65351,0.20675,0.72606,0.04250,0.942,-0.298,0.126,1.710,0.098,0.635,1.282,0.916,0.977,-3.914,-8.000,-0.982,305.59,100660.9,55.43,0,0
93623,13.038,16.343,2.637,-8.452,5.736,0.77281,-0.18995,0.51406,-0.32069,0.942,-0.298,0.120,1.710,0.440,1.026,-0.488,-0.793,0.183,-3.951,-8.000,-0.993,305.61,100660.5,55.46,0,0
94841,9.419,6.387,0.012,-0.138,0.040,0.66003,0.18163,0.72800,0.03616,0.940,-0.296,0.125,1.954,0.098,0.440,-1.099,0.488,1.038,-3.947,-8.000,-0.995,305.66,100660.6,55.46,0,0
96086,8.979,6.439,-4.959,-1.119,1.425,0.42230,0.13351,0.89531,-0.05925,0.940,-0.263,0.186,1.514,0.244,0.977,-1.831,-0.732,0.122,-2.949,-8.000,-0.681,305.71,100660.8,55.44,0,0
97361,11.294,9.369,7.014,1.258,3.183,0.87588,0.17176,0.42245,0.16101,0.940,-0.273,0.167,1.661,-0.195,0.489,-1.099,-2.563,-0.854,-2.838,-8.000,-0.431,305.77,100661.2,55.40,0,0
98651,3.575,2.039,0.538,0.188,-0.009,0.65548,0.16627,0.73548,0.05331,0.942,-0.269,0.180,1.759,0.049,0.782,0.671,-0.488,0.549,-2.774,-8.000,-0.558,305.78,100661.2,55.40,0,0
99916,0.891,3.029,-5.207,-0.752,1.571,0.40840,0.13982,0.90247,-0.02182,0.934,-0.281,0.172,1.759,0.244,0.635,-1.892,-0.732,0.488,-2.791,-8.000,-0.568,305.85,100661.2,55.41,0,0
101234,2.708,7.248,7.225,1.633,3.542,0.87433,0.16657,0.41674,0.18538,0.935,-0.271,0.193,1.514,0.049,0.635,-1.526,-0.000,1.465,-2.955,-8.000,-0.499,305.86,100661.0,55.42,0,0
102389,-5.645,0.005,1.629,-0.008,0.147,0.69336,0.17347,0.69890,0.04329,0.936,-0.268,0.193,1.710,0.293,0.879,3.967,-4.639,-2.686,-2.690,-8.000,-0.610,305.88,100661.4,55.39,0,0
103634,-14.298,-1.958,-2.466,0.841,0.334,0.52289,0.20707,0.82714,0.02617,0.945,-0.250,0.196,1.514,-0.244,0.830,-3.601,-12.573,11.414,-2.716,-8.000,-0.615,305.92,100661.3,55.40,0,0
104837,-12.996,5.589,7.707,-1.632,4.148,0.92087,0.04865,0.38686,0.03386,0.941,-0.253,0.185,1.710,0.195,1.124,-2.686,1.160,0.916,-2.556,-8.000,-0.635,305.96,100661.0,55.42,0,0
106037,-22.068,-0.695,1.965,-0.261,0.284,0.70779,0.14481,0.68951,0.06267,0.929,-0.285,0.188,1.808,0.244,0.977,-0.549,-0.366,1.648,-2.885,-8.000,-0.512,305.99,100661.1,55.41,0,0
107327,-27.296,-0.342,-4.102,0.465,0.915,0.44785,0.17442,0.87650,0.04507,0.938,-0.279,0.194,1.417,0.049,0.684,-1.404,0.183,0.854,-2.634,-8.000,-0.467,306.02,100660.9,55.43,0,0
108480,-29.650,1.154,5.368,-1.376,1.645,0.83640,0.16991,0.52097,0.00572,0.947,-0.281,0.195,1.661,0.147,0.830,7.141,2.869,2.075,-2.452,-8.000,-0.466,306.07,100661.1,55.41,0,0
109865,-35.887,-1.422,-0.451,0.478,0.195,0.57434,0.25091,0.77954,0.02769,0.894,-0.298,0.273,1.856,0.440,0.782,-2.136,-0.244,2.258,-1.651,-8.000,0.098,306.10,100661.1,55.41,0,0
111020,-23.007,11.422,6.064,-6.293,5.623,0.88280,-0.05419,0.42246,-0.20131,0.913,-0.288,0.261,1.612,0.147,1.124,-0.977,-0.488,0.244,-1.680,-8.000,0.173,306.14,100661.1,55.41,0,0
112188,-24.776,4.335,1.960,-1.802,0.411,0.69478,0.15046,0.70274,-0.03131,0.918,-0.279,0.266,1.514,0.049,1.221,-0.977,-0.000,1.038,-1.560,-8.000,0.065,306.14,100661.3,55.39,0,0
113403,-23.586,4.364,-2.761,2.752,0.871,0.44775,0.29937,0.83774,0.09618,0.915,-0.279,0.266,1.710,0.537,0.684,0.366,-0.488,1.038,-1.662,-8.000,0.248,306.15,100660.6,55.45,0,0
114578,-17.406,9.290,5.228,-4.789,3.190,0.84131,0.02309,0.52467,-0.13249,0.916,-0.277,0.262,1.514,0.293,1.319,-0.732,-1.099,0.366,-1.653,-8.000,0.264,306.15,100660.8,55.44,0,0
115821,-19.375,4.196,0.293,-0.319,0.169,0.61737,0.19376,0.76314,0.01300,0.906,-0.273,0.264,1.270,0.098,1.124,-1.465,-0.366,-0.488,-1.576,-8.000,0.183,306.20,100660.5,55.46,0,0
117096,-15.325,7.060,-4.187,3.827,1.912,0.35311,0.31588,0.86925,0.14557,0.911,-0.273,0.273,1.417,0.049,0.928,-2.075,-0.854,0.183,-1.585,-8.000,0.202,306.24,100660.8,55.44,0,0
118326,-12.644,7.019,4.415,-3.155,1.717,0.79757,0.05745,0.59830,-0.05988,0.923,-0.265,0.260,1.319,0.489,1.026,-1.648,1.343,1.953,-1.590,-8.000,0.190,306.26,100661.1,55.41,0,0
119484,-14.961,3.194,-0.511,0.632,0.137,0.57079,0.19665,0.79475,0.07194,0.904,-0.283,0.272,1.612,0.391,0.684,-2.502,-0.732,1.099,-1.596,-8.000,0.200,306.29,100661.0,55.42,0,0
120699,-1.631,16.008,6.573,-5.848,6.351,0.89118,-0.10535,0.40623,-0.17589,0.886,-0.285,0.267,1.270,0.098,0.733,-1.221,-1.038,2.319,-1.612,-8.000,0.230,306.31,100660.6,55.46,0,0
122019,-4.002,6.648,1.714,-1.384,0.309,0.67793,0.11632,0.72631,0.01351,0.915,-0.279,0.265,1.417,0.293,0.586,-0.671,-0.305,0.488,-1.621,-8.000,0.246,306.35,100660.8,55.44,0,0
123215,-2.061,6.208,-3.282,2.740,1.011,0.42564,0.25427,0.85754,0.14117,0.914,-0.278,0.267,1.514,0.098,0.879,-0.793,-0.244,0.549,-1.619,-8.000,0.248,306.36,100660.7,55.45,0,0
124435,2.906,9.979,5.658,-4.390,3.203,0.84002,-0.02783,0.53488,-0.09305,0.918,-0.275,0.269,1.417,0.049,0.830,-0.916,-0.427,0.488,-1.620,-8.000,0.246,306.40,100661.0,55.42,0,0
125620,-2.596,3.265,0.416,-0.248,0.025,0.61841,0.14747,0.77058,0.05629,0.916,-0.281,0.266,1.514,0.440,0.782,-0.488,-0.366,0.244,-1.625,-8.000,0.251,306.43,100660.3,55.48,0,0
126878,-4.031,4.755,-4.820,2.592,1.711,0.34731,0.24736,0.89593,0.12944,0.914,-0.279,0.269,1.759,0.049,0.977,-0.671,-0.854,0.549,-1.623,-8.000,0.249,306.47,100661.2,55.41,0,0
128228,0.844,9.906,6.956,-3.249,3.792,0.88283,0.00976,0.46940,-0.03822,0.921,-0.270,0.276,1.856,0.195,0.977,-1.282,-2.502,1.221,-1.573,-8.000,0.196,306.49,100660.6,55.45,0,0
129508,-4.902,2.245,1.160,-0.844,0.076,0.65316,0.15628,0.74139,0.01672,0.917,-0.282,0.270,1.710,0.098,0.977,2.380,-1.892,-2.502,-1.573,-8.000,0.351,306.53,100660.7,55.45,0,0
130751,-7.284,2.089,-4.346,0.619,1.063,0.37978,0.19774,0.90435,-0.00839,0.916,-0.223,0.312,1.466,0.293,1.075,2.747,-0.061,-2.136,-0.644,-7.626,0.325,306.53,100660.5,55.46,0,0
131966,-5.994,6.121,7.034,-1.175,3.270,0.86263,0.12446,0.49101,0.02402,0.909,-0.215,0.323,1.661,0.635,0.733,-0.122,-1.160,-0.183,-0.576,-7.217,0.469,306.55,100660.5,55.46,0,0
133376,-14.589,-0.124,0.471,-0.050,0.102,0.59766,0.17408,0.78338,0.00845,0.909,-0.211,0.322,1.514,0.293,0.782,-0.732,-0.549,0.244,-0.550,-7.163,0.466,306.57,100660.9,55.43,0,0
134624,-15.797,1.625,-5.241,0.554,1.578,0.32634,0.18759,0.92692,-0.01944,0.914,-0.213,0.321,1.612,0.195,0.928,-0.366,-1.526,0.000,-0.543,-7.148,0.461,306.60,100660.5,55.46,0,0
136019,-9.532,8.959,7.975,-0.597,4.391,0.89404,0.12631,0.42621,0.06115,0.912,-0.212,0.324,1.514,0.049,0.537,-0.854,-0.916,0.549,-0.541,-7.154,0.464,306.61,100660.2,55.48,0,0
137384,-15.891,0.768,1.543,-0.171,0.136,0.64009,0.18108,0.74747,0.00265,0.916,-0.207,0.327,1.466,0.293,0.635,2.563,-0.305,-0.671,-0.510,-7.055,0.450,306.66,100660.8,55.44,0,0
138642,-17.162,1.058,-4.414,0.518,1.102,0.36941,0.19312,0.90932,-0.02516,0.914,-0.204,0.327,1.710,0.440,0.782,-0.732,-0.549,0.732,-0.466,-6.901,0.440,306.69,100660.5,55.46,0,0
139937,-12.677,7.139,7.628,-0.533,3.856,0.87795,0.13939,0.45595,0.05428,0.914,-0.204,0.328,1.514,0.342,1.026,-1.038,-0.122,0.671,-0.461,-6.888,0.435,306.69,100660.3,55.48,0,0
141317,-19.785,0.216,1.283,-0.064,0.136,0.62751,0.16982,0.76057,0.01250,0.913,-0.204,0.330,2.247,0.293,0.733,-1.038,-1.282,0.427,-0.472,-6.906,0.441,306.69,100660.3,55.48,0,0
142470,-21.519,0.845,-4.381,0.133,1.119,0.37308,0.16901,0.91243,-0.02948,0.911,-0.200,0.327,1.759,0.391,0.830,-0.732,-0.488,0.549,-0.474,-6.905,0.445,306.71,100660.4,55.47,0,0
143745,-18.629,6.383,7.344,0.151,3.568,0.86254,0.15240,0.47646,0.08234,0.911,-0.198,0.326,1.514,0.342,0.928,-0.732,0.732,0.977,-0.504,-6.703,0.442,306.75,100660.4,55.47,0,0
144935,-24.510,0.591,1.532,0.004,0.182,0.63713,0.16701,0.75300,0.01946,0.913,-0.203,0.330,1.514,0.147,0.782,-0.244,-0.854,0.061,-0.504,-6.738,0.459,306.77,100660.3,55.48,0,0
146133,-26.276,1.641,-4.275,0.175,1.130,0.37743,0.17046,0.91065,-0.02049,0.906,-0.207,0.326,1.710,0.342,0.733,-0.732,-0.671,0.366,-0.506,-6.799,0.470,306.78,100660.5,55.46,0,0
147228,-25.802,3.991,6.004,-0.282,2.172,0.81371,0.14363,0.56175,0.05152,0.915,-0.205,0.329,1.514,0.342,0.830,-0.488,-1.404,0.183,-0.489,-6.753,0.464,306.82,100660.3,55.48,0,0
148426,-29.930,0.596,-0.011,0.091,0.070,0.57458,0.16442,0.80229,0.01432,0.914,-0.203,0.329,1.466,0.098,0.928,-0.732,-0.854,0.793,-0.485,-6.735,0.464,306.85,100661.0,55.42,0,0
149631,-13.959,16.043,5.952,-7.052,6.935,0.84404,-0.14481,0.42572,-0.29439,0.913,-0.202,0.328,1.466,0.195,0.830,-0.671,-0.610,0.366,-0.482,-6.730,0.463,306.84,100660.8,55.44,0,0
150861,-13.461,7.553,2.014,-2.288,0.583,0.67050,0.07942,0.73485,-0.05818,0.911,-0.205,0.329,1.612,0.147,0.684,-0.916,-0.549,0.183,-0.482,-6.729,0.464,306.87,100660.3,55.48,0,0
152134,-8.041,7.477,-2.725,3.103,0.975,0.42074,0.23995,0.86548,0.13231,0.913,-0.197,0.332,1.661,0.244,0.928,-0.793,-0.732,0.488,-0.463,-6.693,0.458,306.88,100660.3,55.48,0,0
153364,3.433,12.604,5.193,-5.154,3.459,0.80666,-0.05381,0.56433,-0.17089,0.911,-0.206,0.327,1.466,0.049,0.830,-0.977,-0.183,0.549,-0.465,-6.710,0.460,306.91,100660.0,55.50,0,0
154704,3.687,5.485,-0.063,0.183,0.018,0.56873,0.13790,0.81060,0.03879,0.915,-0.197,0.335,1.368,0.293,0.733,-0.671,-0.427,0.366,-0.433,-6.634,0.449,306.92,100660.0,55.50,0,0
155872,21.256,17.367,3.608,-8.240,6.166,0.72148,-0.20250,0.55278,-0.36449,0.912,-0.195,0.336,1.368,0.244,0.830,-0.732,-0.610,0.244,-0.407,-6.578,0.442,306.95,100660.3,55.48,0,0
157252,17.771,6.069,0.053,0.038,0.058,0.57409,0.12107,0.80779,0.04415,0.912,-0.197,0.334,1.368,0.147,0.928,-1.038,-0.305,0.610,-0.419,-6.658,0.457,307.00,100661.1,55.41,0,0
158572,40.940,22.224,6.440,-6.878,7.746,0.84849,-0.20454,0.39185,-0.29138,0.913,-0.199,0.321,1.319,0.342,1.026,-0.977,-0.305,0.610,-0.430,-6.658,0.472,307.04,100661.1,55.41,0,0
159865,35.676,7.801,2.065,-2.090,0.491,0.66375,0.02993,0.74625,-0.02645,0.910,-0.191,0.331,1.710,0.244,1.026,-0.854,0.427,0.854,-0.413,-6.583,0.462,307.04,100660.6,55.45,0,0
161050,30.210,3.915,-2.856,2.929,0.847,0.41984,0.19104,0.87277,0.16363,0.915,-0.193,0.337,1.661,0.342,0.830,-0.488,-0.427,0.366,-0.422,-6.600,0.468,307.06,100660.6,55.45,0,0
162265,25.263,6.178,5.266,-4.996,3.328,0.79295,-0.09684,0.58260,-0.15391,0.912,-0.196,0.336,1.612,0.342,0.879,-0.671,-0.122,0.488,-0.424,-6.604,0.468,307.09,100660.9,55.43,0,0
163538,9.621,-1.657,-0.318,0.335,0.035,0.55760,0.10484,0.82088,0.07358,0.913,-0.200,0.329,1.221,0.293,0.782,-0.488,0.427,0.488,-0.424,-6.601,0.470,307.08,100660.6,55.45,0,0
164878,20.973,15.471,5.801,-7.431,7.785,0.79992,-0.24888,0.43637,-0.32671,0.910,-0.195,0.335,1.954,0.244,0.782,-0.977,-0.061,0.549,-0.424,-6.609,0.468,307.12,100660.6,55.45,0,0
166108,11.529,2.916,1.795,-2.126,0.438,0.64794,0.00245,0.76088,-0.01182,0.913,-0.194,0.333,1.612,-0.000,0.586,-1.099,-0.610,0.610,-0.423,-6.600,0.469,307.16,100661.0,55.42,0,0
167351,8.570,2.523,-3.079,3.788,1.327,0.40087,0.19734,0.86661,0.22505,0.913,-0.197,0.335,1.466,0.342,0.293,-0.366,-0.732,0.305,-0.422,-6.606,0.468,307.16,100661.3,55.40,0,0
168521,6.363,3.443,4.124,-4.631,2.343,0.74297,-0.10049,0.65015,-0.12799,0.912,-0.193,0.330,1.466,0.293,0.879,-0.671,-0.671,0.488,-0.423,-6.609,0.470,307.17,100661.1,55.41,0,0
169816,-3.537,-1.661,-1.262,1.620,0.231,0.50816,0.11468,0.84207,0.14340,0.917,-0.194,0.333,1.514,0.098,0.928,-1.221,-0.977,0.244,-0.423,-6.617,0.472,307.18,100661.2,55.40,0,0
171014,1.381,7.742,5.402,-6.436,4.980,0.77901,-0.19867,0.54861,-0.22771,0.911,-0.198,0.335,1.954,0.684,0.977,-0.793,-0.732,0.366,-0.423,-6.604,0.473,307.20,100661.3,55.40,0,0
172289,-8.700,-0.756,0.254,-0.203,0.081,0.57902,0.04373,0.80943,0.08193,0.912,-0.196,0.331,1.661,0.147,1.026,-1.099,-0.610,0.183,-0.421,-6.603,0.472,307.24,100661.0,55.42,0,0
173534,-11.009,1.917,-4.762,3.569,2.071,0.31595,0.17928,0.90263,0.23347,0.913,-0.199,0.332,1.759,0.244,0.635,-0.793,-0.183,0.671,-0.424,-6.620,0.476,307.26,100660.9,55.43,0,0
174677,-16.049,0.854,4.141,-3.156,1.588,0.73968,-0.06444,0.66986,-0.03571,0.909,-0.220,0.333,1.319,0.342,0.537,0.916,-0.916,-0.732,-0.460,-6.516,0.458,307.26,100660.3,55.48,0,0
175967,-24.604,-1.941,-1.915,1.530,0.396,0.47681,0.10155,0.85981,0.15509,0.911,-0.203,0.332,1.466,0.391,0.879,-0.916,-0.854,0.183,-0.484,-6.707,0.511,307.27,100661.1,55.41,0,0
177317,-12.530,12.473,7.267,-5.363,6.297,0.85712,-0.20242,0.44052,-0.17751,0.916,-0.205,0.330,1.710,-0.098,0.586,-0.549,-0.549,0.305,-0.479,-6.700,0.509,307.30,100661.2,55.40,0,0
178440,-17.309,3.639,2.340,-1.917,0.671,0.66444,-0.01416,0.74597,0.02532,0.895,-0.222,0.328,1.514,0.342,0.782,0.122,0.610,-0.488,-0.548,-6.795,0.551,307.32,100660.9,55.43,0,0
179690,-18.247,3.253,-3.357,2.481,0.978,0.40486,0.13611,0.88399,0.19269,0.917,-0.204,0.328,1.319,0.195,0.977,-0.366,-1.343,-1.282,-0.497,-6.720,0.543,307.35,100661.0,55.42,0,0
180830,-17.090,5.280,5.872,-1.545,2.152,0.80099,-0.05921,0.59557,0.03820,0.918,-0.202,0.333,1.710,0.147,0.489,-6.836,-0.427,7.935,-0.510,-6.746,0.543,307.36,100660.8,55.44,0,0
182116,-21.711,1.393,-1.070,0.392,0.154,0.52369,0.05699,0.84111,0.12736,0.911,-0.224,0.315,1.319,0.049,0.391,0.427,1.160,0.854,-0.638,-6.907,0.656,307.37,100660.8,55.44,0,0
183256,-11.545,11.964,7.487,-3.948,5.156,0.86663,-0.15998,0.46524,-0.09031,0.910,-0.206,0.326,1.319,0.147,0.537,-0.671,-0.305,0.549,-0.499,-6.744,0.556,307.42,100661.5,55.38,0,0
184446,-14.559,4.791,2.000,-0.869,0.279,0.64532,-0.01318,0.76011,0.07680,0.915,-0.205,0.334,1.270,0.342,0.489,-0.732,-0.854,0.610,-0.494,-6.736,0.550,307.42,100661.0,55.42,0,0
185689,-13.283,5.545,-4.103,1.933,1.214,0.36861,0.10264,0.90497,0.18920,0.911,-0.202,0.326,1.563,0.293,0.782,-0.671,-0.610,0.549,-0.495,-6.744,0.554,307.43,100661.5,55.38,0,0
186844,-9.668,8.066,5.924,-2.464,2.493,0.80204,-0.09984,0.58992,0.00055,0.915,-0.206,0.329,1.612,0.342,0.489,-0.732,-0.732,0.305,-0.492,-6.732,0.550,307.44,100661.0,55.42,0,0
188269,-11.937,3.545,-1.175,0.558,0.156,0.51222,0.03675,0.84762,0.13806,0.913,-0.199,0.330,1.466,0.147,0.391,-0.366,-0.366,0.305,-0.483,-6.708,0.544,307.47,100660.4,55.47,0,0
189562,12.672,20.372,8.453,-4.126,7.181,0.90981,-0.17169,0.36154,-0.11541,0.917,-0.215,0.339,1.905,0.342,0.586,2.625,-1.099,-1.770,-0.484,-6.675,0.539,307.51,100661.5,55.38,0,0
190942,14.687,8.819,2.634,-1.125,0.493,0.67386,-0.01039,0.73727,0.05748,0.909,-0.202,0.331,1.466,0.537,0.782,-0.366,-0.549,0.549,-0.479,-6.712,0.531,307.51,100661.0,55.42,0,0
192155,17.990,5.871,-3.430,1.626,0.805,0.40471,0.10227,0.89431,0.16458,0.909,-0.203,0.326,1.661,0.440,0.782,-0.488,-0.610,0.488,-0.479,-6.716,0.530,307.51,100661.3,55.40,0,0
193415,25.033,12.030,7.316,-3.946,4.815,0.86093,-0.13911,0.48169,-0.09325,0.910,-0.202,0.339,1.417,0.244,0.586,1.038,-3.174,-2.441,-0.478,-6.601,0.486,307.54,100661.1,55.41,0,0
194710,13.860,1.589,1.125,-0.688,0.105,0.61877,0.03371,0.78301,0.06402,0.913,-0.208,0.325,1.661,0.049,1.075,1.526,0.183,-0.427,-0.557,-6.749,0.577,307.58,100661.1,55.41,0,0
196223,9.391,3.404,-5.080,3.126,2.093,0.30181,0.17627,0.91407,0.20872,0.910,-0.206,0.327,1.612,0.342,0.977,-0.549,-0.671,0.549,-0.483,-6.702,0.526,307.59,100661.0,55.42,0,0
197558,11.220,4.566,5.910,-3.318,2.825,0.80948,-0.09158,0.57790,-0.05889,0.913,-0.192,0.332,1.270,0.342,0.684,-1.099,-0.671,0.366,-0.481,-6.710,0.523,307.64,100661.3,55.39,0,0
198938,1.595,-3.028,-0.557,0.489,0.012,0.54348,0.06105,0.82994,0.11503,0.916,-0.201,0.329,1.417,0.049,0.879,-1.404,-1.282,0.244,-0.483,-6.706,0.523,307.66,100661.2,55.40,0,0
200201,14.819,11.324,7.212,-5.770,6.880,0.85367,-0.22525,0.42131,-0.20938,0.914,-0.201,0.328,1.514,0.293,0.782,-0.427,-0.732,0.366,-0.484,-6.705,0.519,307.66,100662.1,55.33,0,0
201461,4.071,-0.544,1.994,-1.495,0.324,0.65022,-0.01197,0.75792,0.04060,0.916,-0.206,0.329,1.661,0.244,0.391,-0.305,-0.061,0.671,-0.488,-6.705,0.521,307.68,100661.3,55.39,0,0
202556,-3.720,-2.101,-3.273,2.436,0.944,0.40772,0.12476,0.88318,0.19844,0.911,-0.199,0.329,1.905,0.244,0.586,-1.160,-0.610,0.427,-0.487,-6.702,0.520,307.71,100661.3,55.40,0,0
203769,-9.074,1.969,6.029,-3.999,3.349,0.80767,-0.13939,0.56783,-0.08411,0.916,-0.198,0.326,1.710,0.391,0.733,-0.977,-0.671,0.671,-0.489,-6.701,0.522,307.72,100661.6,55.37,0,0
204974,-21.684,-3.860,0.138,0.030,0.068,0.57120,0.03000,0.81336,0.10957,0.912,-0.204,0.330,1.221,0.147,0.782,-0.549,-0.488,0.427,-0.489,-6.709,0.522,307.74,100661.1,55.41,0,0
206144,-25.240,0.267,-3.987,-4.771,2.340,0.35914,-0.10177,0.92024,-0.12270,0.911,-0.200,0.331,1.612,0.244,0.830,-0.305,-0.061,0.427,-0.487,-6.711,0.522,307.74,100661.3,55.39,0,0
207462,-26.401,3.061,4.224,4.984,2.668,0.71655,0.15257,0.59164,0.33830,0.914,-0.206,0.327,1.710,0.049,0.830,-0.732,-1.038,0.305,-0.489,-6.718,0.522,307.75,100660.7,55.45,0,0
208707,-31.654,-1.223,-0.445,-0.562,0.102,0.54892,0.00130,0.83232,0.08464,0.915,-0.198,0.325,1.417,0.098,0.440,-0.488,-0.549,0.488,-0.487,-6.701,0.522,307.78,100661.4,55.38,0,0
209972,-13.210,15.456,5.794,7.163,7.151,0.74899,0.25233,0.38297,0.47900,0.906,-0.200,0.328,1.368,0.342,0.586,0.854,-3.052,-1.221,-0.505,-6.575,0.481,307.78,100661.2,55.40,0,0
211125,-12.459,6.421,2.431,2.751,0.764,0.65435,0.10521,0.71685,0.21356,0.915,-0.197,0.334,1.221,0.342,0.537,0.183,-2.136,0.122,-0.466,-6.546,0.480,307.79,100661.2,55.41,0,0
212460,-8.195,5.480,-2.426,-3.142,0.876,0.46017,-0.04640,0.88586,-0.04999,0.919,-0.195,0.326,1.808,0.293,0.586,-0.305,-1.892,-0.122,-0.462,-6.579,0.496,307.81,100660.5,55.46,0,0
213720,2.270,10.376,5.080,5.386,3.405,0.72913,0.22739,0.54220,0.35206,0.914,-0.235,0.328,1.368,-0.244,0.684,3.967,-1.953,-1.709,-0.461,-6.592,0.505,307.80,100661.0,55.42,0,0
215028,-0.625,2.832,-0.108,-0.160,0.023,0.56700,0.05508,0.81943,0.06966,0.916,-0.197,0.329,1.856,0.049,0.293,-1.465,-0.427,0.916,-0.475,-6.494,0.505,307.83,100660.5,55.46,0,0
216273,10.280,12.281,1.089,8.380,5.084,0.50222,0.35125,0.62466,0.48514,0.904,-0.208,0.339,1.661,0.244,0.782,3.296,-0.183,-5.188,-0.526,-6.558,0.541,307.85,100661.4,55.39,0,0
217638,6.082,4.972,-0.481,-4.148,1.031,0.55856,-0.03381,0.81990,-0.11815,0.909,-0.220,0.331,1.612,0.049,0.684,5.310,-0.854,-10.498,-0.559,-6.599,0.596,307.87,100661.1,55.41,0,0
218941,11.206,8.925,1.017,7.159,3.334,0.53362,0.30838,0.67957,0.39951,0.910,-0.200,0.333,2.052,0.195,0.635,-0.793,-1.526,0.305,-0.489,-6.566,0.563,307.88,100661.2,55.40,0,0
220236,5.756,2.667,-0.270,-3.362,0.618,0.56683,-0.02545,0.81994,-0.08167,0.917,-0.198,0.331,1.661,0.244,0.733,-1.099,-0.488,0.793,-0.460,-6.524,0.535,307.89,100661.4,55.39,0,0
221436,7.350,6.285,0.496,7.047,3.091,0.51631,0.29304,0.70222,0.39456,0.913,-0.198,0.337,1.514,-0.000,0.537,-0.916,-0.610,0.488,-0.463,-6.541,0.537,307.87,100660.4,55.47,0,0
222604,0.445,1.700,-1.544,-4.065,0.925,0.51309,-0.03572,0.84599,-0.14285,0.935,-0.170,0.337,1.466,0.440,0.977,9.521,3.845,-6.775,-0.431,-6.405,0.499,307.90,100661.2,55.41,0,0
223879,0.384,6.225,2.393,6.866,3.372,0.59874,0.29542,0.63623,0.38726,0.914,-0.195,0.333,1.319,-0.098,0.391,-1.160,-0.610,0.427,-0.451,-6.510,0.534,307.90,100660.8,55.44,0,0
225159,-7.198,0.488,-0.645,-2.365,0.370,0.55069,0.01448,0.83273,-0.04526,0.914,-0.197,0.332,1.514,0.440,0.782,-0.732,-0.916,0.366,-0.451,-6.516,0.533,307.91,100661.2,55.41,0,0
226357,-1.722,7.916,1.937,7.613,4.095,0.56081,0.32487,0.62826,0.43091,0.911,-0.204,0.336,1.661,0.195,0.830,-0.305,-0.488,0.488,-0.458,-6.546,0.542,307.94,100660.5,55.46,0,0
227602,-7.426,1.420,-0.318,-2.018,0.317,0.56164,0.03551,0.82648,-0.00896,0.898,-0.241,0.335,1.954,0.147,0.537,-1.221,-0.671,0.122,-0.972,-6.946,1.111,307.98,100661.0,55.42,0,0
228892,-0.194,9.196,3.473,7.238,4.152,0.64731,0.28721,0.56451,0.42455,0.929,-0.207,0.317,1.661,0.098,0.586,1.587,-2.808,-10.193,-0.893,-6.390,0.880,308.01,100660.4,55.47,0,0
230095,-5.862,1.312,-0.208,0.368,0.037,0.55374,0.03520,0.82596,0.09361,0.917,-0.161,0.346,1.905,0.244,0.537,-3.540,3.113,2.563,-0.443,-5.858,0.513,308.02,100660.5,55.46,0,0
231400,12.352,18.426,7.203,6.182,7.943,0.80690,0.23947,0.30966,0.44258,0.908,-0.221,0.335,1.221,0.049,0.586,1.465,-4.150,-2.319,-0.828,-6.648,1.136,308.05,100660.4,55.47,0,0
232735,8.996,6.509,2.613,2.347,0.686,0.66542,0.10132,0.71324,0.19479,0.915,-0.200,0.328,1.710,0.391,0.586,-0.610,-0.488,0.549,-0.691,-6.368,0.985,308.06,100660.3,55.48,0,0
233993,8.197,3.587,-2.429,-2.428,0.617,0.46361,-0.01622,0.88624,-0.02202,0.916,-0.200,0.326,1.417,-0.147,0.635,-0.427,-2.075,0.061,-0.677,-6.385,0.949,308.04,100660.5,55.46,0,0
235258,12.229,8.389,5.801,5.075,3.690,0.78329,0.13641,0.50850,0.33227,0.934,-0.176,0.324,1.514,0.244,0.879,-0.671,2.502,-4.089,-0.557,-6.200,0.793,308.06,100660.5,55.46,0,0
236533,2.602,0.227,0.760,0.625,0.064,0.59711,0.02031,0.79156,0.13328,0.917,-0.184,0.329,1.612,0.147,0.635,-0.977,-0.916,0.610,-0.566,-6.270,0.816,308.08,100660.8,55.44,0,0
237821,-2.671,1.109,-4.244,-3.220,1.618,0.35601,-0.06899,0.93199,-0.03393,0.916,-0.190,0.327,1.319,0.684,0.440,-1.038,-0.610,0.244,-0.567,-6.279,0.815,308.09,100660.4,55.47,0,0
239141,-2.315,5.882,6.793,3.177,3.709,0.82711,0.09332,0.49170,0.25773,0.909,-0.204,0.333,1.417,0.293,0.977,3.357,-4.517,-2.197,-0.599,-6.309,0.866,308.11,100660.7,55.45,0,0
240301,-11.790,-1.260,1.397,0.786,0.146,0.62200,0.03868,0.77104,0.13571,0.916,-0.192,0.332,1.710,0.244,0.391,-0.244,0.427,0.610,-0.540,-6.264,0.794,308.12,100660.6,55.46,0,0
241437,-18.361,-1.180,-3.673,-2.140,1.061,0.39618,-0.02346,0.91845,0.00185,0.913,-0.190,0.327,1.856,0.440,0.440,-0.427,-0.610,0.549,-0.570,-6.277,0.828,308.12,100660.1,55.49,0,0
242727,-17.471,5.787,6.687,4.039,4.100,0.82112,0.11152,0.47661,0.29534,0.916,-0.194,0.328,1.710,0.195,0.440,-0.549,-0.732,0.427,-0.588,-6.282,0.854,308.14,100660.5,55.46,0,0
243925,-25.442,-0.652,1.528,1.000,0.177,0.62762,0.03365,0.76418,0.14923,0.921,-0.191,0.330,1.270,0.293,0.391,-0.916,-0.427,0.732,-0.587,-6.276,0.856,308.15,100660.8,55.44,0,0
245190,-28.081,0.699,-3.787,-2.422,1.185,0.38662,-0.03906,0.92208,-0.00274,0.914,-0.191,0.328,1.368,0.293,1.075,-0.427,-0.549,0.366,-0.569,-6.225,0.815,308.15,100661.1,55.41,0,0
246510,-20.273,8.926,6.493,4.456,4.276,0.81246,0.11106,0.47635,0.31906,0.909,-0.190,0.333,1.466,0.049,0.586,-0.854,-0.366,0.488,-0.561,-6.229,0.797,308.18,100660.6,55.45,0,0
247723,-23.233,2.472,1.594,1.135,0.309,0.62502,0.02214,0.76473,0.15911,0.908,-0.181,0.339,1.759,0.342,0.586,-0.916,-0.916,0.671,-0.534,-6.119,0.701,308.20,100660.9,55.43,0,0
248998,-22.500,2.979,-3.909,-1.858,1.032,0.37298,-0.02508,0.92711,0.04447,0.910,-0.216,0.341,1.319,0.049,0.342,-1.404,-0.549,0.549,-0.849,-6.381,1.077,308.24,100660.8,55.43,0,0
250368,-9.332,12.947,7.324,4.062,4.984,0.84370,0.06829,0.42669,0.32053,0.904,-0.223,0.342,1.270,0.244,0.440,-1.282,-0.488,0.549,-0.842,-6.575,1.165,308.24,100661.0,55.42,0,0
251641,-10.977,4.658,2.219,1.361,0.368,0.63877,0.00931,0.74440,0.19710,0.903,-0.220,0.352,1.661,0.293,0.147,-0.916,-0.427,0.977,-0.851,-6.576,1.158,308.25,100660.3,55.48,0,0
253036,-10.181,3.681,-3.136,-2.009,0.796,0.40468,-0.05870,0.91224,0.04332,0.908,-0.188,0.346,1.905,0.147,0.928,-1.526,-3.235,4.150,-0.754,-6.246,0.958,308.25,100660.6,55.45,0,0
254311,0.978,11.404,6.733,4.410,4.403,0.82053,0.07432,0.46098,0.33131,0.907,-0.209,0.340,1.661,0.440,0.635,-0.122,-1.892,-0.305,-0.697,-6.240,0.912,308.24,100660.2,55.49,0,0
255619,-3.548,3.183,1.629,0.972,0.246,0.62364,-0.00960,0.76222,0.17615,0.909,-0.197,0.335,1.710,0.195,0.440,-0.916,-1.648,-0.122,-0.695,-6.311,0.972,308.27,100660.1,55.49,0,0
257059,-4.386,3.478,-4.068,-2.514,1.329,0.35549,-0.07110,0.93224,0.02737,0.909,-0.193,0.335,1.368,0.049,0.782,-0.122,-0.488,0.183,-0.697,-6.312,0.975,308.27,100660.0,55.50,0,0
258499,10.411,13.416,6.945,4.942,5.201,0.83509,0.06548,0.41472,0.35702,0.915,-0.197,0.332,1.563,0.391,0.635,-1.648,-0.061,0.488,-0.689,-6.323,0.958,308.31,100660.5,55.46,0,0
259697,7.966,3.510,2.425,1.760,0.508,0.65317,-0.01736,0.72389,0.22418,0.907,-0.202,0.333,1.417,0.147,0.635,-1.343,-0.427,0.671,-0.701,-6.369,0.988,308.31,100660.9,55.43,0,0
260992,4.505,1.066,-2.909,-1.680,0.804,0.41134,-0.06280,0.90533,0.09219,0.891,-0.218,0.327,1.417,0.293,0.684,-0.061,-0.977,1.282,-0.705,-6.384,0.997,308.33,100661.0,55.42,0,0
262207,7.161,6.601,6.811,3.784,4.024,0.82933,0.01221,0.47075,0.30260,0.910,-0.201,0.336,1.319,0.049,0.782,-1.221,-0.671,0.549,-0.707,-6.371,1.000,308.37,100661.0,55.42,0,0
263420,-3.113,-0.815,1.732,1.002,0.258,0.62302,-0.04070,0.75684,0.19633,0.909,-0.200,0.336,1.661,0.098,0.733,-0.488,-0.732,0.366,-0.709,-6.359,0.997,308.34,100660.0,55.51,0,0
264740,-10.716,-1.057,-3.804,-1.971,0.999,0.36599,-0.07959,0.92366,0.08849,0.914,-0.208,0.333,1.466,0.049,0.537,-1.099,-0.793,0.549,-0.708,-6.346,0.996,308.35,100660.1,55.49,0,0
266005,-8.001,5.547,6.713,3.659,3.849,0.82520,-0.00962,0.47954,0.30048,0.910,-0.203,0.337,1.466,0.195,0.537,-1.099,-0.977,0.244,-0.704,-6.340,0.993,308.36,100660.4,55.47,0,0
267233,-15.021,-0.805,1.510,0.891,0.195,0.61058,-0.05977,0.76324,0.20513,0.911,-0.205,0.336,1.270,-0.000,0.635,-0.977,-0.488,0.549,-0.705,-6.348,0.997,308.38,100660.9,55.43,0,0
268403,-18.369,-0.655,-3.409,-2.104,0.913,0.37928,-0.10381,0.91523,0.09428,0.911,-0.201,0.333,1.661,0.293,0.782,-0.916,-0.854,0.366,-0.705,-6.353,0.996,308.40,100660.5,55.46,0,0
269678,-13.307,7.106,6.655,4.265,4.320,0.82395,0.00398,0.45744,0.33627,0.904,-0.210,0.332,1.514,0.342,0.782,-0.366,-1.831,0.244,-0.727,-6.601,1.076,308.40,100660.2,55.49,0,0
270956,-18.706,0.416,1.701,1.089,0.263,0.61696,-0.06493,0.75396,0.21847,0.910,-0.207,0.336,1.661,0.049,0.440,-1.160,-0.977,0.183,-0.761,-6.625,1.121,308.41,100660.7,55.44,0,0
272306,-19.628,1.044,-3.722,-2.182,1.073,0.35913,-0.10558,0.92229,0.10266,0.908,-0.213,0.332,1.466,0.342,0.537,-0.916,-0.854,0.488,-0.761,-6.614,1.122,308.42,100660.1,55.49,0,0
273596,-11.404,7.872,6.538,3.992,3.922,0.82007,-0.02211,0.47095,0.32611,0.909,-0.210,0.326,1.514,0.195,0.586,-0.732,-0.549,0.305,-0.782,-6.622,1.128,308.41,100659.5,55.54,0,0
274869,-15.435,1.025,1.454,0.935,0.262,0.60633,-0.07308,0.76130,0.22031,0.904,-0.211,0.330,1.221,0.098,0.684,-0.183,-1.160,0.427,-0.788,-6.641,1.144,308.38,100660.0,55.51,0,0
276179,-16.878,1.362,-3.792,-2.381,1.207,0.34958,-0.11834,0.92461,0.10080,0.904,-0.211,0.330,1.563,0.147,0.586,-0.977,0.061,0.427,-0.787,-6.635,1.140,308.33,100660.3,55.48,0,0
277514,-10.336,8.362,6.578,4.285,4.157,0.82138,-0.01823,0.45751,0.34137,0.911,-0.213,0.325,1.710,0.293,0.293,-0.366,-0.183,0.366,-0.780,-6.625,1.133,308.24,100660.1,55.49,0,0
278697,-16.283,1.163,1.880,1.284,0.321,0.62443,-0.07588,0.74102,0.23772,0.910,-0.212,0.328,1.417,0.244,0.684,-0.549,-0.916,0.488,-0.774,-6.638,1.128,308.26,100660.2,55.48,0,0
280077,-19.739,1.200,-3.548,-2.261,0.995,0.36423,-0.12052,0.91706,0.11439,0.912,-0.218,0.329,1.514,0.195,0.782,-0.793,-0.549,0.366,-0.772,-6.632,1.127,308.25,100660.5,55.46,0,0
281282,-15.541,6.224,5.936,3.877,3.214,0.79350,-0.04156,0.51165,0.32886,0.909,-0.212,0.329,1.514,0.244,0.684,-0.854,-0.854,0.183,-0.776,-6.648,1.130,308.28,100661.2,55.40,0,0
282465,-20.583,0.895,1.100,0.756,0.181,0.58838,-0.09368,0.77119,0.22680,0.907,-0.213,0.328,1.514,0.342,0.293,-0.549,-1.160,0.366,-0.778,-6.665,1.135,308.26,100660.7,55.44,0,0
283815,-21.549,2.461,-4.092,-2.570,1.348,0.32963,-0.12928,0.92959,0.10846,0.910,-0.218,0.328,1.270,0.195,0.391,-0.549,-0.854,0.488,-0.781,-6.679,1.135,308.24,100660.4,55.47,0,0
285105,-13.937,8.526,6.092,4.241,3.601,0.79974,-0.03290,0.49336,0.34203,0.909,-0.208,0.335,1.466,0.342,0.098,-1.160,-0.549,1.465,-0.770,-6.667,1.132,308.27,100659.7,55.53,0,0
286488,-16.031,2.282,0.648,0.460,0.109,0.57015,-0.09631,0.78692,0.21833,0.909,-0.216,0.323,1.710,0.049,0.147,-0.305,-0.671,0.183,-0.761,-6.674,1.126,308.27,100659.4,55.55,0,0
287658,-12.650,3.247,-3.849,-2.801,1.270,0.34142,-0.14076,0.92472,0.09844,0.912,-0.216,0.325,1.466,0.147,0.440,-0.854,-1.099,0.305,-0.761,-6.681,1.129,308.25,100660.6,55.45,0,0
288903,-7.530,6.983,5.627,4.261,3.176,0.78106,-0.03408,0.51678,0.35061,0.910,-0.214,0.329,1.759,0.391,0.489,-0.671,-0.793,0.366,-0.762,-6.686,1.129,308.26,100660.9,55.43,0,0
290101,-12.705,0.716,0.786,0.691,0.111,0.57475,-0.10008,0.77898,0.23194,0.910,-0.216,0.325,1.661,0.049,0.391,-0.488,-0.122,0.610,-0.761,-6.674,1.128,308.27,100660.6,55.46,0,0
291456,-14.751,2.130,-3.942,-3.181,1.525,0.32558,-0.15589,0.92921,0.08687,0.906,-0.217,0.327,1.221,-0.147,0.440,-0.793,-0.610,0.977,-0.759,-6.672,1.125,308.30,100660.9,55.43,0,0
292714,-12.115,5.636,5.192,4.517,2.973,0.76276,-0.03734,0.53037,0.36960,0.909,-0.216,0.331,1.661,0.098,0.586,-1.099,-0.549,0.366,-0.763,-6.684,1.131,308.32,100661.0,55.42,0,0
294109,-18.365,-0.078,0.167,0.141,0.072,0.54146,-0.12401,0.80240,0.22105,0.909,-0.214,0.328,1.514,0.293,0.195,-0.916,-1.038,0.244,-0.769,-6.680,1.135,308.31,100660.4,55.47,0,0
295339,-16.623,2.756,-4.686,-3.345,1.897,0.27871,-0.16207,0.94263,0.09337,0.912,-0.216,0.330,1.417,0.147,0.342,-0.671,-0.732,0.549,-0.766,-6.675,1.135,308.30,100660.2,55.48,0,0
296692,-11.843,7.145,5.813,4.317,3.432,0.78931,-0.05594,0.49730,0.35639,0.909,-0.212,0.326,1.514,0.147,0.635,-0.671,-1.099,0.488,-0.765,-6.679,1.135,308.33,100660.7,55.44,0,0
297952,-16.581,0.629,0.953,0.779,0.148,0.57501,-0.12033,0.77132,0.24709,0.906,-0.217,0.329,1.466,0.391,0.537,-0.977,-0.732,0.549,-0.765,-6.671,1.135,308.30,100660.6,55.45,0,0
299212,-17.765,1.472,-3.560,-3.034,1.274,0.34023,-0.17379,0.91825,0.11011,0.908,-0.214,0.327,1.466,0.440,0.293,-0.732,-0.854,0.488,-0.764,-6.674,1.133,308.33,100660.6,55.45,0,0
300348,-18.581,2.819,4.320,3.964,2.090,0.72782,-0.06666,0.58334,0.35616,0.910,-0.212,0.326,1.466,-0.098,0.195,-0.793,-0.122,0.610,-0.766,-6.671,1.135,308.32,100660.3,55.48,0,0
301553,-25.607,-1.218,-0.139,-0.072,0.065,0.52351,-0.13782,0.81179,0.22140,0.910,-0.214,0.331,1.563,0.049,0.537,-0.366,-1.099,0.488,-0.768,-6.687,1.136,308.35,100660.5,55.46,0,0
302873,-7.171,18.109,8.386,4.468,8.310,0.91067,-0.07822,0.22839,0.33683,0.909,-0.211,0.326,1.466,0.489,0.782,-0.916,-0.732,0.732,-0.768,-6.684,1.139,308.36,100660.5,55.46,0,0
304071,-7.095,9.180,4.851,1.850,1.592,0.73382,-0.13869,0.61210,0.26068,0.909,-0.214,0.325,1.612,0.391,0.635,-0.793,0.122,-4.150,-0.762,-6.649,1.159,308.37,100660.8,55.44,0,0
305301,-6.006,5.427,-1.053,-0.374,0.116,0.48095,-0.14874,0.83831,0.21207,0.912,-0.192,0.336,1.710,-0.049,0.635,-0.671,-0.549,0.427,-0.541,-6.301,0.970,308.39,100661.0,55.42,0,0
306641,18.145,22.431,8.576,3.860,7.606,0.91175,-0.11311,0.26497,0.29468,0.911,-0.198,0.337,1.221,0.293,0.586,-0.732,-0.488,0.671,-0.546,-6.318,0.970,308.40,100660.7,55.45,0,0
307824,22.262,12.331,4.377,2.066,1.355,0.71361,-0.15251,0.62796,0.27140,0.907,-0.193,0.334,1.319,0.049,0.537,-0.916,-0.732,0.366,-0.544,-6.316,0.971,308.39,100660.6,55.46,0,0
309204,25.391,7.291,-1.648,-0.713,0.183,0.44657,-0.15989,0.85509,0.21235,0.910,-0.198,0.338,1.466,0.440,0.586,-0.305,-2.014,-0.061,-0.571,-6.373,0.982,308.42,100660.8,55.44,0,0
310584,52.957,22.873,8.560,3.785,7.451,0.91139,-0.13048,0.26608,0.28751,0.911,-0.192,0.335,1.563,0.293,0.489,-0.854,-1.038,0.488,-0.553,-6.332,0.976,308.42,100660.8,55.44,0,0
311877,54.641,9.202,4.032,1.946,1.089,0.68768,-0.15182,0.65095,0.28542,0.894,-0.227,0.348,1.075,0.147,0.391,-1.160,-1.221,1.709,-0.811,-6.616,1.233,308.44,100660.7,55.45,0,0
313152,48.857,1.191,-1.836,-0.840,0.160,0.42860,-0.16021,0.86200,0.22097,0.902,-0.221,0.343,1.270,-0.049,0.342,-0.549,-1.038,0.305,-0.821,-6.599,1.242,308.46,100660.7,55.44,0,0
314442,50.984,9.392,8.005,3.861,5.918,0.87309,-0.13365,0.35042,0.31323,0.902,-0.217,0.347,1.221,0.635,0.391,-0.732,-0.183,0.977,-0.823,-6.602,1.242,308.45,100661.1,55.41,0,0
315835,30.447,-3.190,2.489,1.321,0.401,0.62387,-0.16195,0.71318,0.27764,0.902,-0.222,0.342,1.661,0.293,0.684,-0.671,-0.427,0.732,-0.824,-6.603,1.243,308.47,100661.6,55.36,0,0
317250,13.623,-6.597,-1.830,-2.560,0.690,0.41549,-0.18205,0.88126,0.13741,0.881,-0.237,0.330,1.270,0.244,0.342,4.578,-8.057,-12.085,-0.820,-6.536,1.226,308.47,100660.6,55.45,0,0
318615,16.981,5.047,6.013,6.541,6.006,0.80578,0.01543,0.37276,0.46110,0.910,-0.201,0.331,1.514,0.147,0.635,-0.488,-0.854,0.549,-0.657,-6.354,1.039,308.48,100660.4,55.47,0,0
319888,2.045,-5.548,2.227,2.529,0.572,0.63426,-0.10534,0.70290,0.30634,0.915,-0.196,0.336,1.563,0.049,0.684,-0.549,-0.427,0.549,-0.646,-6.353,1.022,308.49,100660.9,55.43,0,0
321133,-11.767,-8.318,-2.080,-2.252,0.489,0.41308,-0.19344,0.87850,0.14636,0.913,-0.199,0.338,1.710,0.342,0.489,-1.282,0.305,0.366,-0.650,-6.255,0.981,308.51,100660.7,55.44,0,0
322353,-16.135,-0.608,5.338,6.008,4.392,0.77362,-0.02316,0.45854,0.43790,0.910,-0.201,0.337,1.417,0.244,0.489,-0.488,-0.916,0.549,-0.639,-6.349,1.002,308.52,100661.4,55.39,0,0
323566,-31.326,-7.003,1.422,1.703,0.351,0.59515,-0.13110,0.73994,0.28698,0.908,-0.198,0.335,1.710,0.049,0.293,-0.549,-0.488,0.610,-0.632,-6.298,0.988,308.51,100660.1,55.49,0,0
324856,-42.023,-6.116,-2.601,-3.050,0.980,0.37492,-0.21280,0.89506,0.11950,0.907,-0.200,0.334,1.514,0.440,0.440,-0.854,-1.038,0.427,-0.631,-6.372,1.000,308.54,100660.7,55.45,0,0
326116,-41.427,1.967,4.852,5.879,3.930,0.75724,-0.03973,0.48433,0.43786,0.910,-0.194,0.331,1.563,0.147,0.782,-0.977,-0.366,0.427,-0.630,-6.361,1.002,308.56,100660.5,55.46,0,0
327334,-48.730,-2.762,1.198,1.411,0.304,0.57566,-0.14159,0.75281,0.28809,0.901,-0.216,0.343,1.661,0.342,0.586,-0.916,-0.916,0.488,-0.816,-6.602,1.211,308.57,100660.7,55.44,0,0
328594,-50.406,-0.722,-2.564,-3.388,1.101,0.36482,-0.22885,0.89606,0.11339,0.906,-0.206,0.339,1.466,0.098,0.293,-1.221,-1.038,0.732,-0.693,-6.319,1.047,308.58,100660.5,55.46,0,0
329869,-41.276,8.211,4.685,6.114,4.195,0.74659,-0.03684,0.48393,0.45627,0.894,-0.199,0.347,1.514,0.342,0.635,-0.488,-1.221,0.061,-0.602,-6.146,0.888,308.57,100660.7,55.45,0,0
331232,-41.541,2.812,0.875,1.113,0.201,0.56042,-0.17507,0.76523,0.26624,0.909,-0.169,0.357,1.466,0.195,0.391,-0.488,-0.916,-0.122,-0.293,-5.597,0.637,308.59,100660.2,55.48,0,0
332557,-34.748,5.488,-3.028,-3.714,1.395,0.32419,-0.25706,0.90595,0.09670,0.903,-0.168,0.360,1.368,0.391,0.684,-1.038,-0.427,0.488,-0.297,-5.720,0.660,308.61,100660.8,55.43,0,0
333875,-18.467,13.709,4.193,6.630,4.324,0.73577,-0.02671,0.49474,0.46303,0.900,-0.147,0.365,1.710,-0.098,0.293,-2.747,-0.610,4.150,-0.308,-5.767,0.678,308.61,100659.9,55.51,0,0
335090,-15.977,6.462,1.014,1.577,0.240,0.56972,-0.16123,0.75542,0.28291,0.908,-0.171,0.359,1.514,0.440,0.537,-0.732,-0.671,0.488,-0.339,-5.772,0.708,308.63,100660.4,55.47,0,0
336485,-10.123,7.163,-2.559,-4.061,1.329,0.34777,-0.26620,0.89663,0.07429,0.910,-0.171,0.354,1.661,0.098,0.782,-0.366,-0.854,0.427,-0.341,-5.760,0.707,308.66,100659.7,55.53,0,0
337688,-2.542,9.673,3.475,5.763,2.743,0.69716,-0.05951,0.56575,0.43742,0.913,-0.171,0.359,1.270,0.342,0.586,-0.793,-0.916,0.488,-0.338,-5.771,0.699,308.66,100660.3,55.48,0,0
339053,-5.139,3.621,0.037,-0.107,0.044,0.51504,-0.19946,0.80356,0.22466,0.910,-0.168,0.357,1.466,0.244,0.391,-0.244,-1.587,0.000,-0.336,-5.760,0.699,308.69,100660.0,55.50,0,0
340238,13.057,17.907,1.668,9.013,6.750,0.61740,0.11846,0.45450,0.63203,0.908,-0.167,0.354,1.661,0.342,0.391,-0.366,-0.671,0.427,-0.302,-5.688,0.670,308.70,100659.8,55.52,0,0
341361,11.123,8.396,0.611,3.506,0.728,0.56758,-0.11198,0.72577,0.37066,0.909,-0.169,0.354,1.466,0.244,0.489,-1.038,0.122,0.671,-0.306,-5.701,0.674,308.69,100660.2,55.49,0,0
342731,12.118,7.094,-0.685,-4.021,0.984,0.42835,-0.30249,0.84955,0.06710,0.907,-0.167,0.353,1.514,0.195,1.026,-0.793,-0.549,0.488,-0.308,-5.712,0.674,308.70,100659.9,55.51,0,0
343991,23.882,13.133,1.251,7.640,3.937,0.60842,0.02511,0.56504,0.55784,0.909,-0.171,0.355,2.003,0.147,0.586,-0.671,-0.854,0.366,-0.335,-5.772,0.705,308.72,100659.4,55.55,0,0
345189,22.677,4.988,0.108,0.903,0.106,0.52318,-0.19341,0.78144,0.28058,0.904,-0.172,0.352,1.563,0.195,0.684,-1.099,-0.000,0.732,-0.335,-5.767,0.703,308.73,100659.3,55.56,0,0
346539,26.054,6.409,-0.835,-5.853,2.047,0.37200,-0.35985,0.85628,-0.01233,0.905,-0.170,0.359,1.563,0.342,0.684,-0.977,-0.610,0.549,-0.336,-5.780,0.705,308.75,100659.9,55.51,0,0
347804,29.190,5.644,0.804,6.219,2.336,0.58826,-0.04333,0.63260,0.50312,0.909,-0.174,0.355,1.466,0.195,0.537,-0.793,-0.549,0.549,-0.337,-5.774,0.703,308.75,100660.2,55.49,0,0
349107,21.676,-1.746,-0.124,-1.218,0.052,0.48500,-0.25715,0.81224,0.20031,0.910,-0.170,0.358,1.368,0.489,0.586,-0.549,-0.610,0.427,-0.336,-5.759,0.703,308.75,100659.6,55.54,0,0
350412,33.134,11.773,0.980,9.198,7.034,0.59199,0.10476,0.44262,0.66619,0.907,-0.170,0.354,1.612,0.342,0.293,-0.732,-0.488,0.488,-0.334,-5.748,0.698,308.77,100660.2,55.49,0,0
351672,20.549,-1.038,0.383,3.143,0.555,0.55102,-0.15371,0.72804,0.37691,0.907,-0.170,0.354,1.124,0.244,0.391,-0.854,-0.854,0.549,-0.334,-5.763,0.703,308.78,100660.1,55.49,0,0
352860,8.132,-4.467,-0.351,-3.664,0.717,0.43401,-0.32837,0.83318,0.10425,0.912,-0.165,0.353,1.466,0.293,0.830,-1.099,-0.793,0.488,-0.311,-5.708,0.678,308.82,100660.5,55.46,0,0
354120,1.595,1.755,0.664,7.935,4.354,0.58870,0.01226,0.54989,0.59344,0.906,-0.167,0.353,1.514,0.244,0.440,-0.671,-0.610,0.366,-0.309,-5.710,0.681,308.82,100659.2,55.57,0,0
355440,-16.509,-6.142,0.123,0.759,0.121,0.51312,-0.22828,0.77560,0.29022,0.904,-0.169,0.357,1.514,0.147,0.586,-0.854,-0.854,0.488,-0.316,-5.747,0.685,308.83,100659.5,55.54,0,0
356833,-23.814,-2.231,-0.641,-6.065,2.202,0.35771,-0.39451,0.84715,-0.00273,0.910,-0.167,0.357,1.319,-0.098,0.098,-1.404,-1.038,0.549,-0.334,-5.811,0.711,308.84,100659.7,55.53,0,0
358038,-30.543,-2.917,0.562,5.114,1.499,0.57268,-0.12140,0.65685,0.47640,0.917,-0.175,0.353,1.466,0.537,0.244,-0.427,0.183,-1.160,-0.354,-5.788,0.727,308.83,100659.8,55.52,0,0
359373,-39.971,-5.022,-0.220,-2.206,0.366,0.45089,-0.32119,0.81234,0.18652,0.909,-0.165,0.352,1.319,0.489,0.537,-0.854,-0.549,0.610,-0.309,-5.754,0.681,308.83,100659.9,55.51,0,0
360629,-29.733,8.603,1.126,8.744,5.839,0.61291,0.02740,0.46899,0.63631,0.911,-0.166,0.357,1.466,0.391,0.489,-0.122,-2.197,0.183,-0.342,-5.843,0.735,308.84,100659.6,55.54,0,0
361814,-34.009,1.447,0.181,2.918,0.578,0.53245,-0.20537,0.72112,0.39287,0.906,-0.164,0.357,1.514,-0.147,0.440,-1.831,0.610,1.648,-0.251,-5.722,0.644,308.89,100659.7,55.53,0,0
363154,-33.360,2.425,-0.017,-4.356,1.121,0.40946,-0.38872,0.82053,0.09594,0.911,-0.164,0.355,1.514,0.440,0.440,-0.671,-1.282,-0.610,-0.281,-5.744,0.676,308.90,100659.8,55.52,0,0
364307,-27.813,6.631,-0.386,6.637,2.788,0.54067,-0.07833,0.61723,0.56731,0.907,-0.171,0.355,1.221,0.293,0.537,-1.465,-0.122,1.160,-0.281,-5.759,0.677,308.90,100659.6,55.54,0,0
365657,-29.203,2.442,0.117,-1.016,0.156,0.47264,-0.32088,0.78432,0.24431,0.908,-0.163,0.358,1.710,0.342,0.635,-0.732,-1.038,0.671,-0.262,-5.727,0.653,308.92,100659.8,55.52,0,0
366857,-10.660,16.574,-0.858,8.933,6.232,0.52628,0.03757,0.49339,0.69220,0.908,-0.157,0.361,1.221,0.293,0.782,-1.221,-0.854,0.427,-0.258,-5.710,0.651,308.92,100659.9,55.51,0,0
368150,-8.935,7.945,-0.120,2.210,0.378,0.50748,-0.24348,0.73328,0.38137,0.905,-0.163,0.356,1.270,-0.000,0.586,-0.549,-1.038,0.305,-0.258,-5.705,0.649,308.94,100659.8,55.52,0,0
369395,-2.733,8.393,0.292,-4.659,1.285,0.40148,-0.41950,0.80985,0.08974,0.906,-0.163,0.355,1.710,0.049,0.635,-0.732,-0.671,0.488,-0.257,-5.703,0.652,308.94,100659.8,55.53,0,0
370745,11.828,15.542,-0.635,7.994,4.407,0.53822,-0.03333,0.54714,0.64119,0.908,-0.165,0.358,1.466,0.293,0.342,-0.854,-0.671,0.488,-0.254,-5.694,0.648,308.98,100660.0,55.50,0,0
372018,12.099,6.517,-0.056,0.919,0.080,0.48962,-0.28893,0.75120,0.33681,0.908,-0.163,0.355,1.466,0.293,0.586,-0.305,-0.366,0.244,-0.254,-5.692,0.649,308.97,100659.3,55.56,0,0
373343,17.555,7.769,0.336,-5.812,1.933,0.36364,-0.45748,0.81118,0.04129,0.911,-0.164,0.359,1.612,0.098,0.342,-1.221,-0.671,0.305,-0.257,-5.711,0.651,308.98,100659.3,55.56,0,0
374543,18.756,5.949,-0.297,5.732,1.898,0.54032,-0.14702,0.63065,0.53847,0.914,-0.164,0.354,1.514,-0.049,0.440,-0.610,-0.854,0.427,-0.306,-5.768,0.700,308.99,100659.4,55.55,0,0
375951,10.870,0.253,0.141,-1.906,0.249,0.44180,-0.36837,0.78593,0.22945,0.904,-0.171,0.357,1.368,0.342,0.537,-0.977,-1.038,0.366,-0.314,-5.802,0.712,308.99,100659.2,55.57,0,0
377301,27.339,14.999,-0.384,9.216,6.945,0.55385,0.03481,0.42570,0.71560,0.910,-0.169,0.349,1.466,0.244,0.684,-0.793,-0.671,0.671,-0.315,-5.788,0.712,308.97,100658.7,55.62,0,0
378549,20.157,2.701,-0.125,3.469,0.647,0.51631,-0.23094,0.69300,0.44686,0.908,-0.171,0.354,1.368,0.293,0.684,-0.427,-0.793,0.610,-0.311,-5.777,0.705,308.98,100659.7,55.53,0,0
379899,12.652,-0.513,0.182,-3.708,0.772,0.40128,-0.42121,0.79954,0.15335,0.906,-0.161,0.360,1.661,0.489,0.342,-1.343,-0.793,0.732,-0.228,-5.529,0.535,309.00,100659.6,55.54,0,0
381069,10.920,2.929,-0.366,7.248,3.361,0.54960,-0.10096,0.56496,0.60815,0.907,-0.160,0.359,1.710,0.489,0.489,-0.610,-0.671,0.549,-0.228,-5.648,0.572,308.99,100659.5,55.55,0,0
382267,-3.551,-4.279,0.014,0.653,0.084,0.47886,-0.32098,0.74551,0.33610,0.906,-0.158,0.361,1.319,0.244,0.733,-0.427,-0.793,0.244,-0.229,-5.645,0.574,309.02,100659.6,55.54,0,0
383547,-12.780,-1.956,0.273,-5.809,2.016,0.34692,-0.47542,0.80743,0.05378,0.908,-0.157,0.357,1.661,0.293,0.391,-0.854,-0.610,0.305,-0.229,-5.654,0.573,309.01,100658.9,55.59,0,0
384747,-23.294,-3.810,0.165,4.284,1.058,0.53336,-0.20713,0.65717,0.49192,0.908,-0.198,0.350,1.612,0.195,0.684,3.296,2.625,-3.235,-0.762,-5.707,0.983,309.02,100659.1,55.58,0,0
385915,-34.028,-5.732,-0.386,-2.183,0.304,0.39717,-0.35482,0.80614,0.25984,0.896,-0.242,0.353,1.612,0.147,0.733,-1.099,0.671,0.610,-1.250,-6.612,1.718,309.00,100659.5,55.55,0,0
387160,-28.956,6.716,0.598,8.696,5.716,0.57149,-0.04899,0.43814,0.69303,0.882,-0.245,0.371,1.563,0.342,0.293,-1.465,-0.244,0.793,-1.187,-6.301,1.490,308.99,100658.9,55.59,0,0
388470,-35.602,-0.089,0.193,2.646,0.509,0.48629,-0.26977,0.70131,0.44743,0.884,-0.242,0.364,1.368,0.049,0.782,-0.977,-0.854,0.366,-1.204,-6.310,1.495,309.02,100659.9,55.52,0,0
389668,-36.693,0.308,-0.321,-3.409,0.784,0.34795,-0.40686,0.81620,0.21984,0.878,-0.245,0.367,1.466,0.440,0.782,-2.869,-0.854,0.671,-1.262,-6.201,1.463,309.01,100659.1,55.58,0,0
391063,-24.901,10.727,3.756,7.376,4.768,0.74173,-0.16460,0.37207,0.53283,0.938,-0.143,0.295,1.514,0.049,0.830,0.977,2.686,-1.221,-0.569,-2.166,0.131,309.05,100659.5,55.55,0,0
392353,-25.236,3.899,0.746,2.653,0.488,0.54578,-0.32446,0.64916,0.42006,0.926,-0.129,0.320,1.661,0.342,0.293,-2.991,-1.465,3.601,-0.526,-2.431,0.016,309.06,100659.3,55.57,0,0
393691,-20.037,5.240,-0.123,-5.165,1.462,0.34538,-0.50108,0.78400,0.12742,0.940,-0.114,0.319,1.514,0.489,0.293,2.563,7.568,-8.606,-0.411,-1.999,-0.033,309.03,100659.3,55.56,0,0
394831,-13.590,7.945,6.715,-1.674,2.825,0.78000,-0.26062,0.56729,0.05514,0.920,-0.165,0.357,1.808,0.195,0.244,36.499,4.456,-18.860,-0.422,-2.164,0.027,309.01,100659.4,55.56,0,0
396241,-12.811,5.463,1.756,4.425,1.288,0.50368,-0.63301,0.55531,-0.19461,-0.086,0.707,0.694,0.537,1.319,0.782,2.869,-14.404,3.540,-0.702,-0.035,0.529,309.02,100659.1,55.58,0,0
397529,-14.215,2.678,-1.939,-2.770,0.559,0.09552,-0.79678,0.55183,-0.22956,-0.034,0.655,0.755,0.635,1.124,0.684,0.061,-0.244,1.587,-0.671,-0.034,0.537,309.04,100658.8,55.60,0,0
398779,-5.837,10.347,4.146,6.838,4.268,0.68153,-0.50170,0.50938,-0.15598,-0.028,0.656,0.748,0.440,1.124,1.124,-0.061,-2.319,-0.122,-0.588,-0.053,0.575,309.08,100659.1,55.58,0,0
400054,-10.702,2.851,0.173,0.657,0.115,0.30117,-0.74791,0.55652,-0.20274,-0.022,0.644,0.749,0.391,1.221,1.026,-0.977,-0.916,0.610,-0.578,-0.046,0.568,309.12,100659.3,55.56,0,0
401222,-3.790,9.730,0.266,-7.687,3.803,-0.07820,-0.80146,0.38648,-0.44824,-0.025,0.660,0.744,0.537,1.172,0.928,0.244,-1.221,0.122,-0.574,-0.059,0.573,309.14,100658.8,55.60,0,0
402497,-6.313,4.594,-0.234,3.301,0.641,0.40144,-0.69785,0.58456,-0.10616,-0.021,0.656,0.747,0.537,1.221,0.684,-0.793,-0.000,0.610,-0.578,-0.057,0.573,309.15,100658.8,55.60,0,0
403717,-2.548,7.178,0.543,-6.112,2.226,0.02325,-0.79908,0.43191,-0.41613,-0.028,0.661,0.741,0.391,0.879,0.830,-0.366,-0.305,0.305,-0.571,-0.066,0.587,309.17,100658.7,55.61,0,0
404900,-2.941,4.840,-0.749,4.363,1.093,0.42913,-0.67704,0.59663,-0.05275,-0.021,0.663,0.743,0.635,0.928,0.928,-1.526,-1.282,0.366,-0.560,-0.063,0.590,309.18,100658.6,55.62,0,0
406250,0.056,6.625,0.152,-5.991,2.122,0.00841,-0.80776,0.45000,-0.37912,-0.009,0.633,0.766,0.782,0.977,1.026,-2.625,-0.549,-0.122,-0.538,-0.030,0.580,309.20,100658.6,55.62,0,0
407480,1.986,5.096,-0.382,5.118,1.515,0.46367,-0.66117,0.59036,-0.02518,-0.010,0.634,0.764,0.391,0.782,1.221,-0.854,-1.404,0.488,-0.529,-0.029,0.582,309.23,100659.0,55.59,0,0
408773,2.343,3.814,0.439,-4.919,1.390,0.07782,-0.80610,0.45947,-0.36296,-0.015,0.648,0.752,0.733,0.879,1.026,-0.793,-0.549,0.244,-0.554,-0.051,0.586,309.25,100658.2,55.65,0,0
410048,3.887,4.742,-1.009,6.067,2.305,0.48651,-0.63821,0.59695,0.02716,-0.028,0.642,0.750,0.782,1.172,0.782,-2.502,-0.366,-0.305,-0.530,-0.058,0.577,309.26,100658.7,55.61,0,0
411338,-1.273,0.762,0.596,-3.964,0.902,0.12607,-0.80459,0.46589,-0.34466,-0.027,0.652,0.749,0.635,1.075,0.879,-0.977,-1.465,0.427,-0.570,-0.070,0.587,309.29,100659.1,55.58,0,0
412536,-3.536,2.443,-1.216,6.260,2.437,0.49336,-0.63842,0.58984,0.04394,-0.025,0.646,0.753,0.537,1.661,0.879,-0.610,-0.793,0.427,-0.569,-0.068,0.589,309.28,100658.8,55.60,0,0
413831,-12.972,-1.264,0.608,-3.801,0.836,0.13346,-0.80639,0.46477,-0.33911,-0.029,0.652,0.750,0.537,0.733,0.586,-0.916,-0.671,0.732,-0.568,-0.069,0.586,309.30,100658.9,55.59,0,0
415046,-15.709,2.214,-1.241,6.569,2.745,0.50970,-0.62709,0.58730,0.05369,-0.029,0.653,0.747,0.537,0.977,0.440,-0.916,-1.160,0.610,-0.568,-0.068,0.588,309.30,100659.2,55.57,0,0
416349,-24.185,-1.187,0.517,-3.490,0.745,0.14539,-0.80635,0.47113,-0.32497,-0.025,0.650,0.750,0.977,1.124,0.928,-0.671,-0.427,0.427,-0.567,-0.069,0.587,309.32,100658.9,55.60,0,0
417534,-24.052,3.229,-1.182,6.626,2.796,0.51438,-0.62644,0.58365,0.05721,-0.023,0.648,0.751,0.537,1.124,0.830,-0.427,-0.977,0.488,-0.568,-0.068,0.588,309.33,100658.2,55.65,0,0
418870,-28.900,0.575,0.549,-3.618,0.826,0.14241,-0.81077,0.46247,-0.32753,-0.025,0.652,0.746,0.733,0.928,0.977,-0.854,-0.427,0.244,-0.567,-0.070,0.586,309.34,100658.7,55.61,0,0
420265,-19.798,8.949,-1.433,7.598,3.964,0.55147,-0.58383,0.58493,0.11355,-0.024,0.650,0.750,0.537,0.928,0.977,-1.038,-0.671,0.854,-0.568,-0.067,0.588,309.38,100658.9,55.59,0,0
421450,-22.398,2.043,0.099,-1.238,0.123,0.23078,-0.79402,0.50603,-0.24450,-0.024,0.648,0.753,0.489,1.075,1.026,-0.854,-0.610,0.244,-0.568,-0.070,0.587,309.39,100659.2,55.57,0,0
422783,-6.185,14.816,-0.088,8.901,5.916,0.66232,-0.48986,0.55540,0.11861,-0.029,0.658,0.747,0.586,0.879,1.124,-0.793,-0.244,0.488,-0.568,-0.069,0.589,309.44,100659.2,55.57,0,0
423943,-8.768,4.735,-0.139,1.593,0.156,0.33735,-0.75347,0.54010,-0.16079,-0.028,0.651,0.751,0.440,1.368,0.977,-0.671,-0.671,0.610,-0.569,-0.069,0.587,309.47,100659.2,55.57,0,0
425233,-0.976,10.403,0.513,-7.447,3.501,-0.06272,-0.81524,0.37560,-0.43526,-0.033,0.652,0.753,0.440,1.124,0.928,-0.854,-0.427,0.488,-0.576,-0.065,0.584,309.46,100658.6,55.62,0,0
426491,-3.259,4.870,-0.163,3.537,0.719,0.41861,-0.71222,0.55609,-0.09689,-0.029,0.648,0.752,0.440,1.026,0.977,0.549,-0.000,0.305,-0.575,-0.066,0.583,309.48,100659.4,55.55,0,0
427736,-1.903,6.221,0.482,-5.802,1.996,0.03380,-0.82106,0.41670,-0.38704,-0.034,0.656,0.743,0.342,1.466,1.075,0.122,-0.610,0.427,-0.573,-0.067,0.588,309.48,100659.2,55.57,0,0
429256,3.802,9.560,-0.993,6.904,3.073,0.53629,-0.61434,0.57615,0.05910,-0.027,0.650,0.748,0.635,1.026,0.928,-1.221,-0.977,0.366,-0.577,-0.069,0.587,309.47,100658.6,55.62,0,0
430514,3.543,2.807,0.239,-2.532,0.342,0.18375,-0.81243,0.47494,-0.28203,-0.027,0.653,0.746,0.586,1.124,0.928,-1.038,-1.648,0.366,-0.578,-0.069,0.588,309.46,100658.3,55.65,0,0
431864,16.133,11.213,-0.922,8.266,4.777,0.60857,-0.54981,0.56054,0.11800,-0.031,0.654,0.747,0.537,1.270,1.026,-0.610,-0.732,0.427,-0.578,-0.071,0.588,309.49,100659.5,55.55,0,0
433274,10.691,0.811,1.007,-1.025,0.097,0.25813,-0.77862,0.50099,-0.27359,-0.023,0.640,0.761,0.586,1.075,0.782,5.310,-1.099,-0.488,-0.599,-0.069,0.583,309.50,100659.0,55.58,0,0
434537,16.490,5.140,-4.433,6.062,3.355,0.39042,-0.65598,0.61845,0.18495,-0.028,0.663,0.755,0.489,1.075,0.830,-0.732,-0.854,0.366,-0.586,-0.074,0.586,309.53,100658.9,55.59,0,0
435812,6.946,-1.888,2.004,-2.943,0.696,0.20989,-0.78892,0.44693,-0.36687,-0.025,0.649,0.752,0.440,0.928,1.026,-1.221,-1.221,0.122,-0.585,-0.069,0.587,309.56,100659.1,55.58,0,0
437327,3.230,2.487,-4.103,5.954,3.257,0.39887,-0.66156,0.61183,0.17055,-0.029,0.651,0.751,0.489,1.368,0.635,-0.854,-0.244,0.488,-0.583,-0.073,0.586,309.56,100659.6,55.54,0,0
438435,-6.573,-4.985,1.101,-2.093,0.276,0.22231,-0.79432,0.47428,-0.30824,-0.029,0.648,0.753,0.391,0.733,0.879,-1.831,-0.427,0.427,-0.583,-0.070,0.587,309.57,100658.9,55.59,0,0
439835,-8.796,2.032,-3.504,7.064,4.052,0.46652,-0.61737,0.60372,0.18849,-0.028,0.656,0.751,0.244,1.075,0.977,-0.122,-0.427,0.488,-0.581,-0.073,0.586,309.58,100659.5,55.54,0,0
441110,-20.380,-4.858,1.042,-2.253,0.410,0.21473,-0.79592,0.47038,-0.31678,-0.037,0.653,0.742,0.586,1.026,0.830,-0.366,-0.366,0.488,-0.582,-0.072,0.588,309.57,100658.8,55.60,0,0
442218,-22.878,-1.151,-2.882,5.839,2.559,0.43482,-0.66868,0.59409,0.10124,-0.031,0.651,0.750,0.537,0.977,0.830,-0.305,-1.038,0.610,-0.581,-0.071,0.586,309.61,100659.4,55.56,0,0
443583,-29.983,-1.931,2.138,-4.413,1.456,0.14721,-0.80248,0.40655,-0.41177,-0.030,0.654,0.744,0.635,0.684,1.075,-0.916,-0.916,0.000,-0.583,-0.072,0.587,309.63,100659.4,55.55,0,0
444803,-33.199,-1.073,-2.326,4.715,1.553,0.41465,-0.70629,0.57207,0.03527,-0.025,0.659,0.751,0.244,1.124,0.830,0.061,-1.038,0.305,-0.581,-0.073,0.586,309.64,100659.5,55.55,0,0
445956,-36.322,-1.038,1.952,-4.164,1.243,0.15645,-0.81064,0.40777,-0.39120,-0.028,0.657,0.745,0.879,1.026,0.879,-0.977,-1.160,0.427,-0.582,-0.072,0.589,309.61,100659.3,55.56,0,0
447351,-34.152,3.574,-2.832,5.937,2.725,0.45317,-0.66772,0.58031,0.10413,-0.030,0.656,0.741,0.489,1.221,1.075,-0.671,-0.427,0.549,-0.581,-0.073,0.587,309.64,100659.5,55.55,0,0
448581,-35.557,0.925,1.552,-3.343,0.800,0.18130,-0.80542,0.43909,-0.35518,-0.027,0.651,0.751,0.684,0.879,0.928,0.427,-0.244,0.732,-0.578,-0.065,0.585,309.63,100659.7,55.53,0,0
449934,-27.278,7.135,-2.888,6.468,3.211,0.47151,-0.64325,0.58840,0.12875,-0.026,0.659,0.739,0.391,1.270,0.928,-0.793,-0.916,0.427,-0.579,-0.071,0.586,309.64,100659.6,55.54,0,0
451299,-25.196,3.669,1.471,-3.613,0.874,0.17047,-0.81204,0.42783,-0.35864,-0.029,0.660,0.746,0.684,1.124,1.075,-0.977,-1.343,0.427,-0.581,-0.072,0.589,309.64,100659.7,55.53,0,0
452634,-14.156,8.495,-2.709,6.347,2.966,0.47462,-0.65370,0.57760,0.11356,-0.031,0.658,0.743,0.537,0.928,0.830,-0.549,-0.732,0.244,-0.581,-0.074,0.587,309.65,100660.0,55.50,0,0
453832,-13.074,3.357,1.041,-2.776,0.575,0.19515,-0.81361,0.44286,-0.32324,-0.040,0.655,0.737,0.537,0.928,1.075,-0.793,-0.244,0.305,-0.581,-0.072,0.588,309.66,100659.7,55.53,0,0
455157,-5.280,8.847,-2.803,6.865,3.577,0.49624,-0.63134,0.57667,0.14766,-0.021,0.652,0.744,0.684,1.319,1.221,-0.122,-0.732,0.610,-0.582,-0.075,0.587,309.67,100659.4,55.56,0,0
456402,-9.470,2.214,0.834,-2.405,0.364,0.20857,-0.81282,0.45273,-0.30206,-0.034,0.661,0.744,0.391,1.319,1.319,-0.671,0.061,0.549,-0.582,-0.074,0.590,309.68,100659.1,55.58,0,0
457750,-1.241,10.267,-2.772,7.418,4.260,0.52357,-0.60569,0.57459,0.16756,-0.033,0.655,0.739,0.342,1.075,1.172,-0.732,-0.916,0.427,-0.582,-0.076,0.588,309.70,100659.4,55.55,0,0
459055,-5.100,2.822,0.304,-2.149,0.281,0.20919,-0.82584,0.45115,-0.26575,-0.031,0.660,0.743,0.440,1.172,1.026,-2.991,-1.038,0.427,-0.579,-0.072,0.589,309.70,100659.8,55.52,0,0
460378,5.781,10.511,-3.966,6.701,3.973,0.43907,-0.66504,0.56003,0.22361,-0.031,0.589,0.798,0.635,0.830,1.270,0.488,-1.099,0.854,-0.604,-0.043,0.568,309.71,100659.6,55.53,0,0
461683,5.613,3.657,1.177,-2.232,0.418,0.19068,-0.83361,0.44008,-0.27481,-0.020,0.581,0.798,0.684,1.026,1.124,-0.977,-1.526,0.427,-0.606,-0.043,0.570,309.72,100659.0,55.58,0,0
462928,17.778,10.060,-2.261,7.268,3.923,0.52777,-0.64541,0.52546,0.16651,-0.018,0.580,0.790,0.684,1.075,1.124,9.094,-2.869,2.258,-0.619,-0.053,0.578,309.75,100660.0,55.51,0,0
464156,16.381,2.258,0.900,-1.753,0.302,0.26382,-0.83126,0.40737,-0.27083,-0.023,0.683,0.709,0.489,1.172,1.075,0.854,0.488,1.221,-0.513,-0.064,0.592,309.73,100659.6,55.54,0,0
465511,26.412,9.968,-3.797,7.374,4.661,0.53903,-0.60825,0.54081,0.21509,-0.020,0.691,0.716,0.537,1.026,0.782,-0.366,-0.671,0.366,-0.517,-0.071,0.591,309.74,100659.5,55.55,0,0
466756,19.829,-0.649,0.499,-1.064,0.033,0.29095,-0.82883,0.41701,-0.23421,-0.017,0.694,0.713,0.537,1.270,0.684,-0.427,-0.732,0.244,-0.516,-0.069,0.591,309.73,100659.2,55.57,0,0
468059,26.368,7.955,-3.912,7.658,5.158,0.55381,-0.59231,0.53541,0.23547,-0.023,0.693,0.716,0.586,0.928,0.928,-0.610,-0.671,0.305,-0.518,-0.070,0.589,309.74,100659.1,55.58,0,0
469289,13.903,-3.074,0.079,-0.416,0.067,0.31019,-0.83017,0.41864,-0.19956,-0.022,0.688,0.707,0.489,1.172,0.537,-1.038,-1.282,0.305,-0.519,-0.072,0.592,309.73,100659.7,55.53,0,0
470629,21.299,10.646,-2.021,9.070,6.937,0.69181,-0.48785,0.49008,0.21092,-0.021,0.696,0.712,0.440,1.026,0.684,-0.427,-0.549,0.366,-0.517,-0.072,0.589,309.73,100659.8,55.52,0,0
471872,7.871,-1.893,-0.602,2.001,0.220,0.39970,-0.79535,0.44012,-0.11324,-0.024,0.695,0.710,0.586,1.172,1.124,-0.977,-1.038,0.366,-0.517,-0.072,0.591,309.73,100659.3,55.56,0,0
473267,6.690,3.453,2.122,-7.045,3.389,0.02071,-0.86582,0.25977,-0.42736,-0.019,0.699,0.707,0.586,1.124,0.830,-0.671,-1.160,0.488,-0.517,-0.074,0.589,309.71,100659.3,55.56,0,0
474557,-1.040,-1.781,-1.317,4.038,0.961,0.47464,-0.74572,0.46713,-0.02747,-0.023,0.699,0.711,0.733,0.928,0.733,-0.610,-0.183,0.549,-0.517,-0.072,0.590,309.72,100659.6,55.54,0,0
475970,-4.925,-0.436,1.708,-5.694,2.036,0.09380,-0.87105,0.30175,-0.37558,-0.021,0.697,0.711,0.537,1.319,0.879,-0.671,-0.793,0.366,-0.517,-0.074,0.588,309.71,100659.5,55.54,0,0
477200,-9.122,-2.106,-1.627,4.942,1.534,0.50781,-0.71644,0.47858,0.01223,-0.018,0.701,0.705,0.537,1.172,0.489,-1.221,-0.000,0.122,-0.516,-0.073,0.590,309.75,100660.0,55.50,0,0
478595,-16.496,-3.117,1.436,-4.776,1.381,0.14127,-0.86795,0.32814,-0.34394,-0.017,0.701,0.710,0.537,1.172,0.879,-0.305,-0.854,0.732,-0.517,-0.075,0.589,309.72,100659.9,55.52,0,0
480031,-14.659,2.818,-2.238,7.094,3.658,0.58900,-0.62950,0.49445,0.11670,-0.019,0.695,0.701,0.537,1.172,0.782,-0.427,-0.671,0.549,-0.517,-0.074,0.591,309.72,100659.6,55.53,0,0
481326,-23.829,-4.415,0.439,-1.776,0.175,0.26316,-0.85252,0.38346,-0.23582,-0.020,0.699,0.711,0.440,1.124,0.733,-0.732,-1.160,0.427,-0.517,-0.075,0.589,309.71,100659.3,55.56,0,0
482661,-14.862,7.635,-2.338,8.410,5.551,0.65343,-0.55339,0.48500,0.18126,-0.020,0.697,0.709,0.489,0.879,0.733,-0.732,-0.671,0.305,-0.528,-0.078,0.590,309.72,100659.6,55.53,0,0
483844,-23.831,-1.954,-0.486,0.813,0.050,0.36348,-0.82418,0.40937,-0.14118,-0.024,0.708,0.703,0.782,1.026,0.879,-1.770,-0.488,0.122,-0.521,-0.086,0.588,309.71,100660.1,55.50,0,0
485134,-19.928,5.785,2.931,-7.170,3.923,0.01960,-0.85914,0.22209,-0.45993,-0.023,0.696,0.708,0.537,1.221,0.977,-1.343,-0.854,0.305,-0.524,-0.083,0.589,309.71,100659.5,55.54,0,0
486444,-24.313,1.421,-1.787,3.407,0.902,0.44429,-0.77461,0.45079,-0.01763,-0.028,0.693,0.708,0.684,1.172,0.830,-1.282,-1.465,0.610,-0.516,-0.082,0.585,309.74,100659.3,55.56,0,0
487642,-22.461,3.685,2.709,-5.103,1.930,0.14902,-0.86278,0.27392,-0.39660,-0.018,0.705,0.705,0.342,1.270,0.879,-0.671,-0.366,0.244,-0.491,-0.080,0.580,309.74,100659.7,55.53,0,0
489067,-17.383,6.597,-3.041,5.710,2.510,0.51466,-0.70086,0.48391,0.10186,-0.028,0.706,0.706,0.537,1.270,0.830,-0.366,0.122,0.427,-0.519,-0.089,0.581,309.74,100659.4,55.56,0,0
490312,-15.143,3.138,1.490,-3.090,0.619,0.22676,-0.86445,0.33133,-0.30100,-0.021,0.702,0.709,0.440,1.075,1.124,-0.793,-0.854,0.366,-0.520,-0.089,0.583,309.73,100659.0,55.58,0,0
491620,-1.522,10.050,-3.199,6.945,3.786,0.56935,-0.64570,0.48512,0.15645,-0.025,0.703,0.704,0.391,0.928,0.830,0.549,-0.549,0.549,-0.520,-0.091,0.581,309.75,100659.6,55.54,0,0
493030,2.234,3.509,1.036,-2.558,0.437,0.24762,-0.86641,0.33838,-0.26875,-0.020,0.706,0.698,0.733,1.417,0.879,-0.916,-0.793,0.488,-0.517,-0.087,0.583,309.75,100659.3,55.56,0,0
494365,23.174,11.684,-3.313,7.499,4.623,0.60233,-0.61131,0.47814,0.18968,-0.024,0.702,0.696,0.537,1.221,0.782,-0.610,-1.099,0.488,-0.518,-0.089,0.581,309.74,100659.7,55.53,0,0
495638,23.505,-0.070,0.270,-0.723,-0.021,0.31742,-0.85010,0.36878,-0.19860,-0.021,0.709,0.699,0.537,1.417,0.830,-0.061,-0.366,0.610,-0.517,-0.088,0.582,309.75,100659.4,55.55,0,0
497053,38.413,11.343,-3.995,8.264,6.589,0.62746,-0.54272,0.48372,0.27864,-0.024,0.704,0.702,0.635,1.075,0.830,-1.343,-0.854,0.366,-0.517,-0.089,0.581,309.75,100659.5,55.55,0,0
498313,24.994,-4.222,-0.632,1.050,0.059,0.37440,-0.82887,0.39692,-0.12112,-0.020,0.699,0.700,0.733,0.830,1.026,-0.427,-0.488,0.732,-0.519,-0.088,0.582,309.75,100659.1,55.58,0,0
499646,20.439,1.121,4.005,-6.906,4.153,0.05141,-0.84469,0.18656,-0.49797,-0.021,0.702,0.705,0.391,1.319,1.075,-0.305,-0.610,0.610,-0.517,-0.089,0.580,309.76,100659.6,55.54,0,0
501101,3.104,-5.636,-2.247,3.647,0.982,0.45619,-0.76870,0.44948,0.01232,-0.018,0.710,0.700,0.293,1.075,0.928,-0.732,-0.488,0.488,-0.515,-0.087,0.581,309.77,100659.6,55.53,0,0
502259,-4.418,-6.189,2.587,-4.396,1.395,0.18586,-0.86532,0.27841,-0.37220,-0.021,0.708,0.701,0.489,0.928,0.928,-0.610,-0.610,0.610,-0.517,-0.090,0.580,309.76,100659.0,55.59,0,0
503534,-12.767,-4.816,-3.254,5.087,2.153,0.49260,-0.72565,0.47035,0.10237,-0.016,0.703,0.704,0.684,1.124,0.489,-0.610,-0.671,0.427,-0.518,-0.089,0.582,309.76,100659.3,55.56,0,0
504749,-23.213,-7.292,1.962,-3.214,0.789,0.23151,-0.86722,0.30270,-0.31984,-0.027,0.705,0.702,0.489,1.221,0.977,-0.793,-0.732,0.366,-0.517,-0.090,0.580,309.75,100659.1,55.58,0,0
505902,-27.487,-3.739,-3.455,5.375,2.459,0.50308,-0.71690,0.46956,0.11663,-0.025,0.706,0.700,0.586,1.368,1.368,-0.793,-0.916,0.671,-0.517,-0.088,0.583,309.75,100659.5,55.54,0,0
507302,-35.512,-4.361,2.358,-4.032,1.300,0.20105,-0.86937,0.28102,-0.35153,-0.020,0.708,0.695,0.489,1.075,0.635,-1.221,-0.183,0.549,-0.515,-0.089,0.582,309.76,100659.2,55.57,0,0
508547,-35.733,-1.045,-3.391,5.151,2.292,0.49814,-0.72359,0.46506,0.11441,-0.011,0.705,0.701,0.440,1.124,1.026,-0.977,-0.671,0.244,-0.515,-0.088,0.582,309.77,100659.0,55.59,0,0
509790,-39.294,-2.828,2.044,-3.167,0.841,0.23977,-0.86896,0.29410,-0.31683,-0.021,0.709,0.696,0.684,1.026,0.830,-0.610,-0.854,0.549,-0.515,-0.090,0.581,309.78,100659.0,55.59,0,0
511080,-34.108,3.539,-4.204,5.923,3.360,0.51938,-0.69348,0.46654,0.17880,-0.023,0.707,0.699,0.391,0.879,0.879,-0.488,-2.075,0.671,-0.515,-0.088,0.582,309.75,100659.5,55.54,0,0
512405,-36.890,-0.653,1.679,-2.605,0.564,0.26101,-0.87517,0.29309,-0.28164,-0.021,0.711,0.698,0.293,1.075,0.782,-1.099,-1.099,0.488,-0.511,-0.088,0.579,309.78,100659.1,55.58,0,0
513723,-26.693,7.710,-4.467,6.391,4.014,0.53922,-0.67266,0.45993,0.21323,-0.024,0.703,0.703,0.635,1.026,1.026,0.000,-1.099,0.671,-0.523,-0.089,0.583,309.79,100659.1,55.58,0,0
515013,-29.118,1.272,1.045,-1.747,0.245,0.28934,-0.87654,0.30387,-0.23450,-0.026,0.709,0.702,0.147,0.879,0.782,-1.038,-0.793,0.427,-0.518,-0.090,0.581,309.81,100659.1,55.58,0,0
516318,-15.942,11.492,-4.666,6.889,4.757,0.56436,-0.64463,0.45376,0.24639,-0.023,0.704,0.705,0.489,1.319,0.684,-0.732,-0.732,0.183,-0.519,-0.089,0.584,309.81,100659.6,55.53,0,0
517626,-17.442,3.741,0.555,-0.987,0.154,0.31370,-0.87459,0.31247,-0.19547,-0.026,0.700,0.701,0.537,1.172,0.342,-0.610,-0.793,0.427,-0.519,-0.092,0.580,309.80,100659.5,55.54,0,0
518976,4.589,18.198,-4.368,7.850,6.240,0.63075,-0.57610,0.44059,0.27752,-0.027,0.703,0.697,0.537,1.026,0.293,-0.488,-1.526,0.671,-0.520,-0.089,0.583,309.79,100659.7,55.53,0,0
520326,8.412,7.489,-0.342,0.279,0.030,0.36038,-0.86520,0.32252,-0.12758,-0.025,0.705,0.700,0.440,0.977,0.782,-1.160,-1.099,0.305,-0.521,-0.091,0.583,309.82,100659.6,55.54,0,0
521704,38.732,19.943,7.294,-4.950,5.640,0.17523,-0.77248,0.05750,-0.60668,-0.026,0.707,0.699,0.440,1.026,0.928,-0.854,-1.160,0.732,-0.518,-0.089,0.583,309.80,100658.9,55.60,0,0
522984,52.651,7.651,-0.449,0.130,-0.048,0.35628,-0.86820,0.32503,-0.11593,-0.022,0.704,0.700,0.489,1.270,1.075,-0.793,-0.793,0.427,-0.518,-0.091,0.581,309.81,100659.1,55.58,0,0
524184,83.990,14.138,7.944,-3.373,5.208,0.27614,-0.74444,0.06670,-0.60531,-0.020,0.701,0.703,0.684,0.586,0.928,-0.610,-0.854,0.793,-0.518,-0.090,0.583,309.83,100659.4,55.55,0,0
525427,89.881,-1.345,0.106,-0.062,-0.093,0.35515,-0.86742,0.31538,-0.14408,-0.021,0.703,0.701,0.733,1.026,0.635,-0.427,-0.488,0.549,-0.519,-0.092,0.582,309.83,100659.7,55.53,0,0
526672,91.531,-3.189,-3.555,6.534,3.295,0.58458,-0.68132,0.40958,0.16551,-0.021,0.707,0.701,0.684,1.026,0.879,-0.732,-0.793,0.305,-0.519,-0.090,0.583,309.80,100659.7,55.53,0,0
527982,64.794,-16.690,0.866,-1.776,0.073,0.28780,-0.89180,0.27687,-0.20977,-0.022,0.708,0.700,0.586,1.172,0.635,-0.549,-0.610,0.366,-0.519,-0.091,0.581,309.82,100659.3,55.56,0,0
529285,46.103,-10.785,-4.002,7.629,5.119,0.63304,-0.61095,0.41500,0.23457,-0.024,0.707,0.703,0.586,1.270,0.879,-0.366,-0.610,0.488,-0.519,-0.090,0.584,309.82,100658.7,55.61,0,0
530485,10.010,-22.715,-0.431,0.625,-0.042,0.37654,-0.86351,0.31519,-0.10949,-0.019,0.705,0.703,0.586,1.026,1.075,-0.549,-0.916,0.427,-0.517,-0.091,0.581,309.84,100659.3,55.56,0,0
531730,-14.423,-16.134,4.944,-6.012,3.927,0.10196,-0.86492,0.11353,-0.47697,-0.024,0.707,0.697,0.635,1.075,0.879,-0.977,-1.038,0.122,-0.518,-0.090,0.583,309.84,100659.5,55.55,0,0
532963,-45.656,-21.237,-1.921,2.081,0.541,0.42254,-0.83689,0.34938,-0.01030,-0.022,0.701,0.697,0.586,0.782,1.026,-0.671,-0.549,0.488,-0.518,-0.091,0.582,309.84,100659.0,55.58,0,0
534283,-65.416,-14.145,4.764,-5.202,3.196,0.15108,-0.87123,0.13009,-0.44715,-0.023,0.704,0.695,0.635,1.368,0.830,-0.977,-1.038,0.244,-0.519,-0.090,0.583,309.84,100659.4,55.55,0,0
535556,-87.929,-15.298,-2.823,2.880,1.027,0.44291,-0.81993,0.36152,0.04566,-0.028,0.705,0.700,0.733,0.977,0.830,-0.488,-0.549,0.305,-0.518,-0.092,0.580,309.84,100659.5,55.54,0,0
536906,-102.139,-8.437,4.259,-4.780,2.619,0.17004,-0.88547,0.14296,-0.40661,-0.024,0.703,0.698,0.684,0.879,0.586,-2.197,-1.343,0.427,-0.519,-0.089,0.583,309.84,100659.7,55.53,0,0
538201,-116.494,-5.168,-3.517,3.654,1.669,0.46998,-0.79705,0.36780,0.09899,-0.025,0.707,0.697,0.830,1.368,1.026,-0.732,-1.038,0.488,-0.518,-0.092,0.581,309.85,100659.9,55.51,0,0
539622,-122.354,2.344,3.908,-4.314,2.140,0.19398,-0.89184,0.15714,-0.37553,-0.021,0.706,0.704,0.635,0.684,0.782,-0.793,-0.793,0.427,-0.516,-0.089,0.583,309.85,100660.0,55.51,0,0
540867,-122.479,9.578,-3.671,3.812,1.856,0.47533,-0.79207,0.36782,0.11265,-0.021,0.706,0.699,0.635,1.124,0.879,-0.732,-0.793,0.366,-0.516,-0.091,0.581,309.86,100659.5,55.55,0,0
542202,-105.471,17.482,3.475,-3.764,1.659,0.22001,-0.89711,0.16745,-0.34279,-0.024,0.707,0.702,0.830,1.075,0.586,-0.854,-1.099,0.366,-0.517,-0.090,0.583,309.85,100659.4,55.55,0,0
543600,-68.006,27.816,-4.808,4.945,3.094,0.50798,-0.74393,0.38616,0.20037,-0.022,0.708,0.699,0.733,1.417,0.977,-0.732,-0.854,0.549,-0.516,-0.091,0.581,309.85,100659.1,55.58,0,0
544800,-39.262,25.922,1.681,-1.904,0.535,0.29441,-0.90058,0.22128,-0.22951,-0.021,0.701,0.696,0.391,1.075,0.928,-0.793,-0.732,0.366,-0.516,-0.090,0.583,309.88,100659.9,55.52,0,0
546075,2.838,34.918,-5.334,5.936,4.306,0.54712,-0.69088,0.39518,0.26122,-0.023,0.707,0.697,0.391,0.977,0.586,-0.732,-0.732,0.427,-0.516,-0.091,0.582,309.88,100659.2,55.57,0,0
547288,28.121,27.431,0.611,-0.774,0.091,0.33708,-0.89308,0.24796,-0.16306,-0.019,0.707,0.696,0.733,1.270,1.026,-0.366,-0.549,0.427,-0.515,-0.090,0.582,309.89,100659.7,55.53,0,0
548538,70.332,37.860,-5.746,6.461,5.247,0.56202,-0.65262,0.40481,0.30848,-0.023,0.707,0.703,0.342,0.977,0.684,-0.732,-0.305,0.732,-0.514,-0.091,0.581,309.90,100659.7,55.53,0,0
549963,107.573,28.816,0.769,-1.019,-0.005,0.32583,-0.89882,0.23491,-0.17187,-0.024,0.707,0.701,0.586,1.026,1.270,-0.916,-1.160,0.244,-0.516,-0.090,0.582,309.88,100659.9,55.51,0,0
551131,182.281,36.136,-5.581,5.933,3.889,0.53256,-0.69043,0.41069,0.26872,-0.019,0.718,0.708,0.489,0.928,0.928,-6.836,1.038,1.465,-0.523,-0.092,0.582,309.91,100659.6,55.53,0,0
552451,283.922,25.539,1.162,-1.355,-0.165,0.31072,-0.89364,0.24825,-0.20592,-0.027,0.703,0.705,0.830,0.733,0.635,-0.305,-0.244,0.427,-0.524,-0.091,0.583,309.90,100659.6,55.53,0,0
553911,532.296,25.053,-6.092,6.488,5.039,0.54798,-0.63528,0.42268,0.34201,-0.022,0.701,0.705,0.684,0.928,0.782,-1.160,-0.854,0.549,-0.522,-0.093,0.581,309.90,100659.5,55.55,0,0
555154,1758.225,-89.846,-0.362,0.244,-3.976,0.36636,-0.88069,0.28086,-0.10611,-0.018,0.702,0.702,0.586,0.830,0.928,-0.732,-1.221,0.427,-0.521,-0.092,0.582,309.92,100659.5,55.55,0,0
556594,-1540.100,261.344,8.072,-4.388,9.664,0.18483,-0.75149,-0.00464,-0.63273,-0.024,0.705,0.701,0.537,1.026,0.489,-0.916,-0.732,0.366,-0.521,-0.093,0.582,309.93,100659.7,55.53,0,0
557974,-460.116,167.448,-0.384,0.030,1.452,0.36005,-0.88446,0.27793,-0.10179,-0.023,0.705,0.701,0.537,1.319,0.684,-0.671,-1.160,0.427,-0.521,-0.091,0.583,309.95,100659.9,55.51,0,0
559297,-130.874,180.371,9.042,-1.593,7.280,0.35747,-0.68644,-0.00723,-0.63420,-0.018,0.703,0.705,0.391,1.026,1.124,-0.671,-1.038,0.366,-0.521,-0.093,0.580,309.96,100660.2,55.49,0,0
560602,97.043,173.657,1.271,-0.347,0.239,0.36875,-0.87585,0.24956,-0.18271,-0.018,0.719,0.701,0.537,1.221,0.684,-1.160,-0.000,0.427,-0.518,-0.091,0.583,309.95,100659.7,55.53,0,0
561982,320.283,171.616,-7.387,1.309,3.372,0.27969,-0.82293,0.40913,0.28011,-0.024,0.708,0.701,0.586,0.879,0.928,-0.732,-0.793,0.488,-0.523,-0.097,0.583,309.95,100659.6,55.53,0,0
563060,403.844,129.129,1.963,-0.443,-0.279,0.36702,-0.87420,0.22563,-0.22455,-0.027,0.702,0.702,0.635,1.319,0.684,-1.038,-0.671,0.366,-0.508,-0.085,0.580,309.94,100659.5,55.55,0,0
564415,415.591,91.963,-7.053,1.275,2.865,0.28718,-0.83045,0.39899,0.26345,-0.021,0.701,0.704,0.489,1.124,0.830,-2.502,-1.038,0.366,-0.508,-0.087,0.578,309.99,100660.0,55.50,0,0
565613,346.433,48.777,3.479,-0.873,0.188,0.36051,-0.86475,0.19192,-0.29312,-0.014,0.693,0.711,0.635,0.928,1.026,-1.587,-0.610,0.916,-0.474,-0.063,0.577,309.99,100659.6,55.53,0,0
566813,263.942,24.104,-5.242,1.147,1.325,0.31625,-0.85891,0.36908,0.15854,-0.016,0.687,0.715,0.635,1.221,0.782,-0.977,-0.366,0.793,-0.486,-0.075,0.576,309.99,100659.6,55.54,0,0
568133,194.311,10.390,6.166,-1.283,2.114,0.36418,-0.81474,0.11399,-0.43713,-0.025,0.698,0.707,0.391,1.124,0.782,-0.977,-1.160,0.549,-0.498,-0.080,0.579,309.99,100660.3,55.48,0,0
569366,137.759,-3.421,-2.802,0.604,0.177,0.34510,-0.88182,0.31917,0.02085,-0.025,0.700,0.707,0.391,0.977,0.489,-0.427,-0.610,0.793,-0.499,-0.085,0.578,310.00,100660.4,55.47,0,0
570596,100.190,-2.825,7.514,-1.684,3.637,0.35114,-0.77727,0.07000,-0.51785,-0.019,0.698,0.711,0.489,1.270,1.124,-0.366,-0.671,0.610,-0.502,-0.083,0.580,310.00,100660.0,55.50,0,0
571931,57.314,-13.266,-1.743,0.384,0.073,0.35012,-0.88572,0.30194,-0.03099,-0.022,0.696,0.709,0.537,1.075,0.684,-0.549,-0.549,0.793,-0.500,-0.085,0.578,310.00,100659.2,55.57,0,0
573219,39.751,-5.201,8.206,-2.048,4.976,0.32946,-0.74776,0.03714,-0.57631,-0.018,0.689,0.710,0.440,0.977,0.782,-0.671,-0.671,0.549,-0.500,-0.082,0.579,310.01,100659.2,55.57,0,0
574649,6.017,-15.805,-1.190,0.216,0.054,0.35240,-0.88602,0.29436,-0.05856,-0.019,0.698,0.707,0.391,1.172,0.928,-0.854,-0.793,0.488,-0.498,-0.083,0.578,310.01,100659.6,55.53,0,0
575864,-1.683,-6.506,8.319,-1.583,4.936,0.35943,-0.73626,0.03605,-0.57246,-0.021,0.701,0.707,0.537,1.026,1.026,-0.977,-0.916,0.427,-0.499,-0.082,0.580,310.00,100660.0,55.50,0,0
577047,-26.976,-15.635,0.556,-0.151,0.026,0.36144,-0.88491,0.25474,-0.14175,-0.018,0.701,0.708,0.293,0.928,0.879,-0.549,-0.916,0.427,-0.499,-0.084,0.579,309.99,100659.3,55.56,0,0
578412,-41.810,-7.766,-7.547,1.402,3.848,0.27633,-0.81667,0.40763,0.30303,-0.017,0.695,0.708,0.635,1.612,0.879,-0.549,0.061,0.549,-0.500,-0.083,0.581,310.03,100659.4,55.55,0,0
579857,-60.609,-9.562,4.943,-0.913,1.487,0.37323,-0.83942,0.15216,-0.36534,-0.019,0.699,0.712,0.537,1.075,0.537,-0.671,-0.854,0.549,-0.499,-0.084,0.577,310.03,100660.0,55.51,0,0
581025,-72.199,-9.175,-3.691,0.596,0.837,0.32846,-0.88044,0.33320,0.06956,-0.016,0.697,0.711,0.391,0.928,0.733,-0.732,-0.610,0.122,-0.498,-0.082,0.579,310.03,100659.8,55.52,0,0
582390,-67.879,3.258,8.469,0.105,4.953,0.44336,-0.71405,0.03467,-0.54188,-0.011,0.701,0.720,0.537,1.124,0.928,7.446,-1.526,-2.075,-0.556,-0.104,0.588,310.04,100659.6,55.54,0,0
583740,-74.093,-2.319,-0.069,-0.152,0.114,0.35626,-0.89128,0.25806,-0.11132,-0.019,0.705,0.704,0.684,0.879,0.879,-1.404,0.061,0.122,-0.530,-0.102,0.589,310.00,100658.5,55.63,0,0
584913,-53.706,15.200,4.525,7.988,6.710,0.82080,-0.50738,0.14508,-0.22116,-0.014,0.699,0.708,0.342,0.830,0.830,0.610,-1.221,-0.366,-0.492,-0.093,0.568,310.04,100660.0,55.50,0,0
586293,-45.364,9.463,1.580,3.030,0.818,0.51728,-0.81655,0.21604,-0.14201,-0.022,0.689,0.702,0.733,0.928,1.075,-0.854,-0.732,0.305,-0.523,-0.105,0.580,310.05,100659.8,55.52,0,0
587508,-34.727,9.796,-1.807,-3.265,0.754,0.18621,-0.95093,0.24168,-0.06106,-0.025,0.711,0.702,0.537,1.124,0.928,-0.610,-0.732,0.610,-0.519,-0.104,0.578,310.06,100659.9,55.52,0,0
588706,-17.458,16.231,3.297,6.588,3.495,0.71795,-0.64947,0.17623,-0.18143,-0.024,0.708,0.697,0.342,1.075,0.635,-0.488,-1.099,0.488,-0.522,-0.105,0.580,310.05,100659.9,55.52,0,0
589971,-9.951,10.481,0.220,0.749,0.068,0.40539,-0.88108,0.22155,-0.10645,-0.024,0.708,0.698,1.026,1.075,1.075,-0.732,-1.038,0.549,-0.521,-0.107,0.579,310.05,100659.7,55.53,0,0
591111,0.917,12.674,-1.892,-5.373,1.859,0.06717,-0.97156,0.21859,-0.07090,-0.021,0.706,0.699,0.586,1.075,0.684,-0.732,-0.671,0.549,-0.522,-0.106,0.580,310.05,100659.6,55.54,0,0
592324,9.249,12.719,1.980,5.547,2.029,0.64800,-0.72195,0.20599,-0.13311,-0.031,0.708,0.700,0.635,1.270,0.733,-0.549,-0.183,0.366,-0.522,-0.108,0.578,310.04,100659.4,55.55,0,0
593644,11.467,7.676,-0.644,-1.300,0.116,0.30031,-0.92328,0.22471,-0.08988,-0.025,0.708,0.697,0.586,1.026,1.075,-1.038,-1.221,0.488,-0.521,-0.106,0.581,310.03,100660.0,55.50,0,0
594924,32.894,20.535,3.746,8.211,6.277,0.82398,-0.51655,0.14605,-0.18469,-0.024,0.706,0.695,0.391,1.075,0.830,-0.610,-0.671,0.488,-0.522,-0.109,0.578,310.02,100659.7,55.53,0,0
596227,35.231,10.027,1.371,3.345,0.681,0.53407,-0.81158,0.20339,-0.12543,-0.021,0.703,0.700,0.684,1.026,0.879,-0.122,-0.854,0.732,-0.521,-0.106,0.580,310.02,100660.1,55.50,0,0
597457,36.396,5.759,-1.361,-3.144,0.576,0.19614,-0.95389,0.21868,-0.06990,-0.025,0.700,0.703,0.440,0.782,0.586,-0.366,-0.732,0.427,-0.531,-0.111,0.577,310.04,100659.6,55.54,0,0
598803,45.158,13.099,3.410,7.879,5.155,0.78756,-0.57053,0.16212,-0.17079,-0.028,0.702,0.708,0.782,1.026,0.684,-0.488,-0.183,0.671,-0.530,-0.109,0.578,310.03,100659.4,55.55,0,0
600173,35.000,1.144,0.729,2.068,0.196,0.46771,-0.85182,0.20914,-0.11447,-0.031,0.702,0.701,0.391,1.221,0.928,-0.610,-0.854,0.610,-0.526,-0.110,0.577,310.04,100659.6,55.54,0,0
601523,28.105,-0.819,-1.819,-4.794,1.384,0.10147,-0.97053,0.21172,-0.06485,-0.029,0.704,0.701,0.489,1.221,0.635,0.000,-0.854,0.427,-0.528,-0.108,0.579,310.05,100659.1,55.58,0,0
602706,19.117,-2.291,1.993,5.794,2.199,0.66059,-0.71526,0.19192,-0.12820,-0.028,0.700,0.701,0.244,1.417,1.172,-0.488,-0.610,0.488,-0.527,-0.110,0.577,310.04,100659.2,55.57,0,0
604041,-2.477,-9.023,-0.461,-0.993,0.077,0.31411,-0.92127,0.21370,-0.09014,-0.027,0.701,0.702,0.440,1.026,0.684,-0.366,-0.610,0.488,-0.527,-0.109,0.579,310.06,100659.7,55.53,0,0
605366,0.462,6.628,3.708,8.548,7.121,0.84576,-0.48511,0.13271,-0.18147,-0.027,0.700,0.705,0.537,0.977,1.172,-0.732,-0.732,0.488,-0.527,-0.110,0.577,310.06,100659.7,55.53,0,0
606579,-13.655,-2.700,1.719,4.205,1.115,0.57616,-0.78545,0.18736,-0.13141,-0.025,0.705,0.703,0.391,0.928,0.928,-0.671,-0.732,0.427,-0.528,-0.109,0.580,310.08,100659.6,55.54,0,0
607899,-25.336,-4.882,-1.072,-2.701,0.484,0.22528,-0.95014,0.20439,-0.07691,-0.033,0.704,0.700,0.391,0.830,0.635,-0.244,-0.366,0.000,-0.526,-0.110,0.579,310.09,100660.1,55.50,0,0
609159,-21.552,5.198,2.782,7.826,4.764,0.77661,-0.59331,0.16140,-0.14151,-0.029,0.703,0.704,0.537,0.635,0.782,-0.793,-0.610,0.610,-0.527,-0.109,0.579,310.11,100659.7,55.53,0,0
610422,-29.855,-1.611,0.628,2.070,0.272,0.46842,-0.85500,0.19849,-0.10549,-0.029,0.705,0.703,0.635,1.026,0.977,-0.671,-0.427,0.488,-0.527,-0.111,0.577,310.09,100659.4,55.55,0,0
611697,-31.553,0.373,-1.654,-4.674,1.413,0.11335,-0.97122,0.20283,-0.06270,-0.023,0.705,0.700,0.782,1.319,0.977,-0.488,-0.610,0.488,-0.527,-0.109,0.579,310.07,100660.0,55.50,0,0
612972,-27.364,5.513,2.164,6.750,3.203,0.71120,-0.67131,0.17104,-0.12465,-0.029,0.702,0.702,0.244,0.928,0.733,-0.549,-1.038,0.183,-0.526,-0.110,0.578,310.07,100660.0,55.51,0,0
614230,-31.313,0.338,0.022,0.395,0.096,0.38727,-0.89644,0.19776,-0.09139,-0.025,0.701,0.699,0.489,1.026,0.830,-0.671,-0.427,0.488,-0.527,-0.109,0.580,310.08,100659.6,55.53,0,0
615630,-23.568,7.379,0.211,-7.167,3.207,-0.02427,-0.97522,0.13535,-0.17678,-0.026,0.705,0.701,0.586,0.928,0.489,-0.427,-0.488,0.366,-0.527,-0.111,0.578,310.11,100659.6,55.54,0,0
616950,-20.350,5.592,-0.371,5.313,1.624,0.61462,-0.75623,0.22656,-0.01568,-0.023,0.710,0.702,0.684,1.221,0.684,-0.732,-0.549,0.427,-0.527,-0.110,0.579,310.11,100660.2,55.49,0,0
618223,-20.715,2.064,0.014,-2.216,0.256,0.26293,-0.94019,0.18386,-0.11905,-0.026,0.706,0.704,0.635,1.075,1.026,-0.732,-0.610,0.549,-0.527,-0.110,0.578,310.07,100659.3,55.56,0,0
619363,-11.701,9.819,-0.089,7.931,4.287,0.75043,-0.62292,0.22233,0.01125,-0.029,0.700,0.696,0.733,0.879,0.928,-0.305,-0.488,0.488,-0.527,-0.110,0.579,310.06,100659.0,55.58,0,0
620718,-15.647,2.782,-0.130,0.930,0.090,0.41096,-0.88667,0.19860,-0.08090,-0.029,0.705,0.700,0.879,1.075,0.733,-0.366,-0.854,0.427,-0.526,-0.111,0.576,310.06,100659.3,55.56,0,0
621961,-11.257,6.555,0.824,-6.321,2.342,0.04504,-0.97137,0.13030,-0.19629,-0.026,0.711,0.701,0.635,1.075,0.879,-0.671,-0.305,0.305,-0.527,-0.109,0.579,310.05,100659.7,55.53,0,0
623221,-9.815,6.248,-0.862,5.652,1.917,0.62516,-0.74512,0.23404,0.01182,-0.028,0.707,0.701,0.782,1.221,0.830,-0.610,-0.305,0.366,-0.526,-0.110,0.578,310.04,100659.6,55.53,0,0
624526,-12.772,2.303,0.161,-2.076,0.228,0.27169,-0.93860,0.17637,-0.12311,-0.028,0.706,0.703,0.537,1.319,0.586,-0.793,-0.916,0.427,-0.526,-0.109,0.580,310.07,100659.1,55.58,0,0
625669,-3.816,10.348,-0.895,7.960,4.268,0.74152,-0.62661,0.23436,0.05525,-0.025,0.706,0.700,0.879,1.026,0.684,-0.977,-0.488,0.488,-0.526,-0.110,0.578,310.08,100658.7,55.61,0,0
626974,-7.193,3.243,-0.220,0.932,0.024,0.41032,-0.88752,0.19879,-0.07526,-0.027,0.709,0.705,0.195,1.124,0.879,-0.854,-0.244,0.305,-0.526,-0.108,0.580,310.09,100659.8,55.52,0,0
628294,-0.019,8.257,1.848,-6.605,2.802,0.03193,-0.96342,0.09962,-0.24871,-0.028,0.710,0.699,0.489,0.879,0.977,-0.977,-0.732,0.244,-0.526,-0.110,0.577,310.06,100659.1,55.58,0,0
629507,1.131,5.145,-1.566,4.372,1.291,0.56096,-0.79276,0.23704,0.03236,-0.026,0.701,0.695,0.440,1.270,1.026,-0.916,-0.977,0.427,-0.526,-0.109,0.579,310.03,100659.4,55.55,0,0
630712,-1.387,1.923,0.897,-3.015,0.519,0.23453,-0.94683,0.15231,-0.16207,-0.022,0.709,0.699,0.684,1.172,1.026,-0.793,-0.732,0.610,-0.521,-0.106,0.576,310.01,100659.5,55.55,0,0
632122,11.210,13.944,-2.541,8.557,5.975,0.76199,-0.56511,0.26829,0.16600,-0.029,0.708,0.700,0.195,0.782,0.879,-0.671,-0.244,0.427,-0.522,-0.106,0.578,310.00,100659.1,55.58,0,0
633290,6.149,3.235,-0.967,2.812,0.449,0.48909,-0.84510,0.21459,-0.01884,-0.026,0.704,0.700,0.489,0.977,0.830,-0.732,-0.977,0.366,-0.522,-0.109,0.577,310.00,100659.2,55.57,0,0
634490,2.898,2.114,1.420,-4.523,1.225,0.15508,-0.95959,0.12589,-0.20102,-0.027,0.706,0.702,0.586,1.026,0.782,-0.732,-0.793,0.488,-0.523,-0.107,0.578,310.02,100659.6,55.54,0,0
635708,0.660,4.422,-2.271,6.490,2.882,0.65096,-0.70922,0.24931,0.09944,-0.027,0.705,0.704,0.391,1.270,0.782,-0.244,-0.916,0.610,-0.529,-0.111,0.577,310.02,100659.9,55.51,0,0
637058,-10.740,-1.886,0.302,-1.222,-0.017,0.31585,-0.92756,0.16847,-0.11299,-0.021,0.712,0.711,0.733,1.270,0.830,-0.244,-0.854,0.427,-0.532,-0.108,0.576,310.03,100659.5,55.55,0,0
638333,1.459,12.616,-2.212,8.826,6.439,0.78735,-0.54324,0.24440,0.15496,-0.027,0.701,0.704,0.684,1.172,0.733,-0.732,-0.916,0.366,-0.529,-0.110,0.576,310.05,100659.1,55.58,0,0
639696,-4.813,2.702,-0.796,2.430,0.357,0.47391,-0.85895,0.19536,-0.02728,-0.028,0.702,0.704,0.244,1.612,0.733,-1.099,-0.366,0.488,-0.528,-0.109,0.578,310.02,100659.4,55.55,0,0
640946,-3.298,3.636,1.574,-5.075,1.564,0.12342,-0.96609,0.10541,-0.20400,-0.026,0.706,0.702,0.440,1.172,0.977,-0.854,-0.854,0.366,-0.527,-0.111,0.576,310.01,100659.5,55.54,0,0
642251,0.269,6.717,-2.380,6.620,3.091,0.66139,-0.70322,0.23577,0.10889,-0.028,0.702,0.703,0.537,1.124,0.782,-0.793,-0.977,0.427,-0.528,-0.110,0.579,310.03,100658.9,55.60,0,0
643569,-6.517,-0.222,0.162,-0.880,0.021,0.33171,-0.92590,0.15550,-0.09897,-0.027,0.706,0.704,0.635,1.221,0.782,-0.732,-0.671,0.427,-0.528,-0.111,0.577,310.04,100659.4,55.55,0,0
644874,9.749,15.284,-1.924,9.117,7.077,0.81581,-0.51203,0.22627,0.14467,-0.030,0.702,0.705,0.928,1.172,0.782,-0.854,-0.549,0.488,-0.527,-0.109,0.579,310.05,100659.2,55.57,0,0
646064,4.808,4.829,-1.004,3.951,0.903,0.54444,-0.81730,0.18955,-0.00029,-0.031,0.703,0.701,0.489,0.977,0.928,-0.793,-0.671,0.549,-0.526,-0.112,0.577,310.05,100659.8,55.52,0,0
647352,0.742,2.483,0.744,-3.821,0.816,0.18675,-0.96508,0.11859,-0.14374,-0.027,0.703,0.704,0.537,1.172,0.879,-1.282,-0.977,0.366,-0.528,-0.110,0.578,310.01,100658.6,55.62,0,0
648642,5.721,9.167,-1.908,7.673,4.170,0.72707,-0.64592,0.20809,0.10570,-0.020,0.701,0.703,0.293,0.928,0.830,-0.610,-0.916,0.244,-0.527,-0.112,0.578,310.02,100659.2,55.57,0,0
649842,-2.151,1.094,-0.396,1.239,0.094,0.42780,-0.88960,0.15635,-0.04585,-0.023,0.703,0.702,0.977,0.782,0.782,-0.488,-0.549,0.183,-0.527,-0.109,0.579,310.05,100659.6,55.54,0,0
651105,-3.368,3.902,1.913,-5.903,2.243,0.07180,-0.97317,0.06917,-0.21008,-0.025,0.705,0.702,0.684,1.026,0.733,-0.854,-0.854,0.305,-0.527,-0.112,0.578,310.06,100659.5,55.54,0,0
652335,-6.319,3.158,-1.924,5.227,1.807,0.60587,-0.76815,0.19739,0.06723,-0.026,0.705,0.701,0.440,1.221,0.537,-0.671,-0.732,0.427,-0.528,-0.110,0.579,310.03,100658.8,55.60,0,0
653520,-13.365,-0.852,0.464,-1.845,0.183,0.28972,-0.94374,0.12215,-0.10703,-0.024,0.707,0.702,0.733,0.977,0.830,-1.038,-0.977,0.671,-0.527,-0.112,0.578,310.06,100659.7,55.53,0,0
654778,-5.272,10.663,-2.290,8.474,5.639,0.77298,-0.58219,0.20935,0.14020,-0.028,0.704,0.703,0.635,1.319,0.928,-1.099,-0.610,0.549,-0.528,-0.110,0.580,310.08,100659.5,55.54,0,0
655998,-11.348,2.269,-0.857,2.518,0.355,0.48461,-0.86054,0.15925,-0.01113,-0.023,0.708,0.704,0.782,1.124,0.879,-0.854,-0.977,0.610,-0.527,-0.111,0.577,310.09,100659.7,55.53,0,0
657318,-11.228,3.694,1.601,-5.008,1.566,0.12369,-0.97330,0.07447,-0.18137,-0.027,0.703,0.704,0.342,0.977,0.830,-0.793,-0.793,0.427,-0.526,-0.110,0.578,310.08,100659.5,55.55,0,0
658679,-4.335,8.697,-2.602,6.895,3.486,0.68443,-0.68817,0.20510,0.12770,-0.025,0.703,0.702,0.489,1.075,0.830,-1.587,-0.793,0.305,-0.525,-0.110,0.577,310.09,100659.5,55.55,0,0
659924,-8.461,1.310,-0.163,0.149,0.012,0.38302,-0.91345,0.12825,-0.05923,-0.026,0.707,0.698,0.147,1.075,0.733,0.061,-1.404,0.488,-0.525,-0.109,0.578,310.09,100659.4,55.55,0,0
661339,5.081,13.122,7.010,-5.282,5.544,0.07481,-0.86505,-0.08129,-0.48847,-0.031,0.706,0.704,0.586,1.563,0.537,-0.977,-1.038,0.671,-0.525,-0.110,0.577,310.08,100660.0,55.50,0,0
662537,-0.960,1.991,-1.116,0.383,0.067,0.39173,-0.90811,0.14973,-0.00455,-0.021,0.708,0.701,0.391,1.124,0.440,-1.038,-1.648,0.610,-0.525,-0.109,0.579,310.07,100659.3,55.56,0,0
663767,3.180,8.000,7.094,-3.170,3.944,0.21775,-0.85853,-0.05669,-0.45961,-0.027,0.700,0.703,0.537,1.221,0.879,-1.282,-0.549,0.610,-0.524,-0.110,0.577,310.10,100659.5,55.55,0,0
665057,-5.116,1.351,-2.900,1.218,0.570,0.41426,-0.88727,0.18806,0.08361,-0.029,0.707,0.699,0.830,0.928,0.782,-0.366,-0.549,0.366,-0.525,-0.109,0.579,310.12,100660.1,55.50,0,0
666320,-5.426,5.059,6.183,-2.673,2.801,0.25581,-0.87985,-0.02675,-0.39837,-0.025,0.703,0.698,0.293,0.977,0.782,-0.366,-0.488,0.244,-0.525,-0.112,0.578,310.11,100659.8,55.52,0,0
667655,-10.258,2.473,-4.326,1.748,1.284,0.42258,-0.86412,0.22298,0.16051,-0.027,0.704,0.697,0.830,1.026,0.977,-0.916,-0.061,0.549,-0.525,-0.109,0.579,310.11,100659.4,55.55,0,0
668930,-10.986,3.327,5.220,-2.148,1.804,0.28847,-0.89519,0.00273,-0.33879,-0.027,0.708,0.703,0.440,1.026,0.782,-0.488,-1.160,0.305,-0.525,-0.112,0.578,310.13,100659.4,55.55,0,0
670218,-11.395,3.522,-5.236,1.973,1.796,0.42659,-0.84856,0.23032,0.21291,-0.028,0.709,0.700,0.537,0.928,0.977,-0.488,-1.465,0.427,-0.523,-0.110,0.579,310.12,100659.1,55.58,0,0
671438,-13.265,1.998,4.141,-1.761,1.164,0.30772,-0.90938,0.02360,-0.27849,-0.027,0.705,0.698,0.391,1.026,0.635,-1.038,-0.427,0.549,-0.523,-0.111,0.577,310.11,100659.5,55.55,0,0
672863,-8.237,7.136,-6.754,2.692,3.297,0.43902,-0.79940,0.26710,0.31073,-0.028,0.709,0.702,0.293,1.075,1.075,-0.977,-0.549,0.610,-0.524,-0.109,0.579,310.14,100659.3,55.56,0,0
674121,-11.164,1.181,2.484,-1.196,0.439,0.32997,-0.92247,0.05939,-0.19106,-0.026,0.701,0.702,0.489,0.879,0.635,-1.221,-1.038,0.366,-0.524,-0.111,0.577,310.15,100659.6,55.54,0,0
675366,-4.394,7.406,-6.888,3.122,3.790,0.46037,-0.77924,0.26641,0.33256,-0.028,0.698,0.697,0.830,1.026,0.537,-1.038,-0.916,0.610,-0.524,-0.110,0.578,310.14,100659.5,55.54,0,0
676779,-9.492,1.249,2.849,-1.381,0.548,0.32339,-0.92179,0.04310,-0.20680,-0.028,0.708,0.702,0.537,1.026,0.782,-0.732,-0.854,0.366,-0.522,-0.110,0.576,310.15,100659.7,55.53,0,0
678084,-1.749,7.793,-6.900,3.258,3.769,0.47430,-0.77148,0.26156,0.33504,-0.023,0.710,0.693,0.293,1.172,1.075,-0.854,-0.549,0.244,-0.521,-0.109,0.579,310.17,100659.4,55.55,0,0
679374,-7.984,0.424,1.861,-1.006,0.251,0.33946,-0.92505,0.06339,-0.15548,-0.026,0.708,0.700,0.537,1.026,0.879,-0.549,-0.610,0.549,-0.519,-0.111,0.577,310.17,100659.8,55.52,0,0
680737,1.779,10.854,-7.599,3.904,5.163,0.49617,-0.72155,0.27866,0.39515,-0.032,0.708,0.697,0.635,1.221,0.733,-1.343,-0.671,0.244,-0.520,-0.109,0.578,310.15,100658.8,55.60,0,0
681972,-5.927,0.802,0.069,-0.188,-0.013,0.37257,-0.92076,0.09421,-0.06353,-0.027,0.711,0.699,0.733,1.124,1.026,-0.793,-1.038,0.671,-0.522,-0.112,0.576,310.17,100659.7,55.53,0,0
683277,9.977,16.422,-5.799,7.318,7.260,0.70769,-0.56072,0.24592,0.35327,-0.025,0.707,0.696,0.244,0.733,0.684,-0.793,-0.854,0.427,-0.523,-0.110,0.577,310.18,100659.4,55.55,0,0
684565,5.337,5.115,-1.959,2.278,0.472,0.47497,-0.86846,0.13024,0.05264,-0.024,0.708,0.700,0.684,0.928,1.124,-0.732,-0.854,0.305,-0.524,-0.112,0.577,310.20,100659.3,55.57,0,0
685780,6.680,5.070,3.213,-3.939,1.412,0.18507,-0.95655,0.00664,-0.22663,-0.026,0.705,0.703,0.782,1.514,0.586,-0.305,-0.549,0.610,-0.524,-0.110,0.578,310.22,100659.9,55.51,0,0
687135,12.469,9.362,-4.852,5.589,3.498,0.61622,-0.72253,0.20228,0.23987,-0.025,0.705,0.700,0.537,1.075,0.830,-0.732,-0.732,0.366,-0.522,-0.111,0.577,310.21,100658.8,55.60,0,0
688393,7.976,1.445,0.321,-0.675,-0.014,0.34836,-0.93375,0.05480,-0.06227,-0.029,0.707,0.702,0.733,1.221,0.782,-2.197,-2.380,-0.671,-0.524,-0.108,0.577,310.22,100659.0,55.59,0,0
689743,27.982,17.922,-4.220,8.406,7.615,0.79801,-0.51138,0.18006,0.26180,-0.030,0.704,0.696,0.830,1.172,0.830,-0.732,-0.732,0.488,-0.520,-0.110,0.576,310.22,100659.0,55.58,0,0
690988,26.403,6.094,-2.075,3.990,1.031,0.55888,-0.81936,0.10670,0.07185,-0.030,0.710,0.698,0.537,1.075,0.928,1.526,-1.221,1.099,-0.508,-0.104,0.575,310.23,100659.3,55.56,0,0
692341,24.149,2.058,1.538,-3.309,0.710,0.21953,-0.96805,0.01843,-0.12430,-0.026,0.707,0.694,0.635,0.830,0.879,-0.183,-0.671,0.793,-0.515,-0.112,0.575,310.22,100659.3,55.56,0,0
693586,28.571,6.436,-3.686,6.878,3.896,0.69587,-0.67780,0.14812,0.18587,-0.029,0.703,0.706,0.586,1.612,1.026,-1.282,-1.038,0.488,-0.511,-0.097,0.572,310.24,100659.7,55.53,0,0
694951,15.194,-3.208,-0.247,0.087,-0.005,0.38142,-0.92287,0.05702,-0.02577,-0.026,0.701,0.702,0.586,0.537,0.733,-0.793,-0.793,0.610,-0.510,-0.100,0.570,310.24,100659.5,55.54,0,0
696224,23.339,9.420,9.106,0.609,6.439,0.37724,-0.71534,-0.17780,-0.56151,-0.026,0.704,0.701,0.830,0.879,0.928,-0.793,-0.610,0.549,-0.510,-0.100,0.572,310.26,100659.9,55.52,0,0
697489,8.426,-2.900,0.724,-0.046,0.039,0.37955,-0.92183,0.03788,-0.06446,-0.024,0.701,0.703,0.537,1.172,0.782,-0.549,-0.916,0.305,-0.511,-0.101,0.570,310.26,100659.5,55.55,0,0
698914,13.414,8.685,-8.768,0.650,5.657,0.33034,-0.77869,0.24877,0.47092,-0.029,0.702,0.702,0.342,0.733,0.537,-0.732,-0.732,0.610,-0.511,-0.099,0.573,310.23,100659.6,55.54,0,0
700127,1.523,-2.791,0.286,-0.104,-0.002,0.37681,-0.92472,0.03790,-0.05191,-0.028,0.702,0.703,0.391,1.368,0.782,-0.610,-0.854,0.610,-0.510,-0.103,0.569,310.25,100659.4,55.55,0,0
701312,6.261,7.173,-8.386,2.383,5.475,0.43396,-0.74169,0.23860,0.45371,-0.024,0.702,0.704,0.391,1.172,0.733,-0.366,-0.610,0.427,-0.511,-0.100,0.572,310.26,100659.8,55.52,0,0
702727,-5.840,-2.041,1.239,-0.389,0.096,0.36280,-0.92668,0.01061,-0.09367,-0.027,0.705,0.707,0.391,0.977,0.586,-0.427,-1.099,0.427,-0.509,-0.102,0.571,310.26,100659.9,55.51,0,0
704015,4.111,8.612,-8.152,2.114,4.992,0.42658,-0.76010,0.22196,0.43698,-0.023,0.696,0.704,0.537,1.075,0.782,-0.366,-0.610,0.366,-0.509,-0.101,0.571,310.28,100659.3,55.56,0,0
705215,-3.177,-0.739,0.248,-0.160,0.028,0.37362,-0.92645,0.02289,-0.04223,-0.026,0.702,0.703,0.440,0.928,0.928,-0.610,-0.732,0.427,-0.508,-0.101,0.571,310.28,100659.3,55.57,0,0
706475,7.783,11.922,-8.127,4.094,6.355,0.53685,-0.67051,0.22584,0.46072,-0.025,0.704,0.705,0.635,1.075,0.879,-1.282,-0.488,0.244,-0.509,-0.100,0.571,310.29,100660.5,55.46,0,0
707648,-0.159,1.272,-1.825,0.808,0.185,0.41454,-0.90581,0.05774,0.05815,-0.032,0.705,0.706,0.684,1.075,0.684,-0.488,-0.549,0.427,-0.510,-0.103,0.570,310.28,100660.0,55.50,0,0
708878,0.035,4.883,5.933,-3.398,2.764,0.18426,-0.91821,-0.10892,-0.33245,-0.026,0.705,0.709,0.489,1.172,0.977,-3.418,-0.549,0.854,-0.512,-0.097,0.570,310.26,100659.6,55.53,0,0
710183,-3.979,2.832,-4.682,2.291,1.554,0.47232,-0.84464,0.12371,0.22076,-0.017,0.699,0.710,0.782,0.928,0.782,-0.854,-1.038,0.549,-0.510,-0.098,0.567,310.26,100659.2,55.57,0,0
711456,-8.171,0.866,3.698,-1.939,0.947,0.27770,-0.93512,-0.06202,-0.20870,-0.032,0.701,0.707,0.293,1.417,0.879,-1.221,-0.671,0.366,-0.508,-0.099,0.571,310.26,100660.5,55.46,0,0
712646,-7.017,4.215,-6.052,2.905,2.784,0.50070,-0.79913,0.14833,0.29845,-0.027,0.702,0.700,0.537,1.124,0.977,-0.671,-1.343,0.610,-0.510,-0.102,0.568,310.27,100659.8,55.52,0,0
713981,-13.456,-0.289,2.454,-1.328,0.432,0.31439,-0.93764,-0.03892,-0.14010,-0.024,0.705,0.704,0.635,1.026,1.026,-0.488,-0.854,0.732,-0.511,-0.100,0.571,310.27,100660.0,55.50,0,0
715254,-5.443,8.409,-7.210,3.753,4.416,0.53698,-0.73209,0.17552,0.38112,-0.022,0.707,0.703,0.489,1.612,0.489,-0.244,-0.671,0.183,-0.508,-0.101,0.569,310.27,100659.7,55.53,0,0
716454,-11.890,0.183,-0.077,-0.144,-0.039,0.37488,-0.92627,-0.00184,-0.01414,-0.028,0.709,0.706,0.830,1.026,0.879,-1.404,-0.793,-0.122,-0.506,-0.098,0.570,310.25,100659.4,55.55,0,0
717809,7.787,18.848,-0.981,9.571,8.289,0.89256,-0.44761,0.03155,0.05007,-0.026,0.709,0.705,0.244,1.026,1.026,1.099,-0.488,0.366,-0.505,-0.096,0.567,310.24,100659.9,55.51,0,0
719110,6.787,8.177,-0.691,5.044,1.409,0.61513,-0.78883,0.00544,0.02298,-0.023,0.705,0.704,0.635,1.221,0.489,-0.916,-1.221,0.732,-0.509,-0.098,0.570,310.24,100660.1,55.50,0,0
720325,5.065,3.353,0.180,-2.025,0.182,0.28031,-0.96010,-0.02123,-0.01391,-0.025,0.703,0.705,0.244,0.928,0.782,-1.038,-0.977,0.244,-0.509,-0.100,0.570,310.26,100659.8,55.52,0,0
721628,17.127,14.806,-0.935,8.889,6.029,0.83271,-0.55350,0.00813,0.03670,-0.028,0.701,0.704,0.782,0.782,0.977,-0.549,-0.916,0.366,-0.510,-0.099,0.571,310.24,100659.6,55.53,0,0
722923,11.329,4.682,-0.425,3.309,0.544,0.53175,-0.84726,-0.01550,0.01220,-0.026,0.701,0.708,0.684,0.928,0.782,-0.549,-0.671,0.305,-0.509,-0.100,0.569,310.25,100659.9,55.52,0,0
724213,8.141,2.793,0.458,-4.046,0.896,0.17246,-0.98484,-0.03360,-0.02075,-0.024,0.701,0.702,0.195,1.026,0.586,-1.038,-0.122,0.244,-0.510,-0.099,0.571,310.25,100659.8,55.52,0,0
725591,16.554,11.429,-1.238,8.417,4.946,0.79747,-0.60170,0.00684,0.05618,-0.019,0.709,0.709,0.440,0.977,0.635,-0.061,-0.549,0.244,-0.509,-0.100,0.570,310.25,100659.5,55.55,0,0
726851,10.091,1.805,-0.561,2.349,0.309,0.49050,-0.87128,-0.02723,0.02291,-0.027,0.699,0.701,0.537,0.782,1.221,-1.099,-1.465,0.671,-0.510,-0.098,0.571,310.25,100659.8,55.52,0,0
728206,6.932,1.493,1.000,-4.961,1.403,0.12009,-0.99115,-0.05626,-0.03578,-0.021,0.705,0.701,0.489,1.075,0.733,-0.793,-0.427,0.305,-0.508,-0.100,0.570,310.26,100659.2,55.57,0,0
729554,10.359,6.160,-1.889,7.381,3.752,0.74345,-0.66404,-0.00010,0.08706,-0.024,0.700,0.705,0.830,1.172,0.684,-0.549,-1.404,0.305,-0.510,-0.098,0.570,310.24,100659.9,55.52,0,0
730799,0.500,-2.551,-0.424,0.984,0.003,0.43016,-0.90192,-0.04197,0.02689,-0.020,0.710,0.700,0.684,1.026,0.733,-1.099,-1.160,0.610,-0.506,-0.101,0.569,310.22,100659.7,55.53,0,0
732194,-4.233,0.151,2.349,-5.774,2.280,0.05746,-0.98999,-0.09478,-0.09435,-0.021,0.701,0.703,0.782,0.879,0.879,-0.488,-0.671,0.488,-0.513,-0.100,0.570,310.18,100659.5,55.54,0,0
733532,-7.782,0.988,-2.605,5.978,2.561,0.67289,-0.73022,0.00976,0.12313,-0.028,0.703,0.704,0.244,1.270,0.635,-0.732,-0.671,0.488,-0.511,-0.102,0.569,310.18,100659.5,55.55,0,0
734957,-19.806,-4.966,0.343,-1.162,0.056,0.32534,-0.94441,-0.05857,-0.00781,-0.028,0.708,0.702,0.537,1.417,0.733,-0.610,-0.732,0.610,-0.512,-0.101,0.571,310.19,100660.0,55.51,0,0
736262,-5.123,11.141,-3.078,8.650,6.841,0.83701,-0.52408,0.02422,0.15903,-0.027,0.699,0.699,0.586,1.221,1.124,-0.793,-1.160,0.427,-0.512,-0.101,0.569,310.19,100659.8,55.52,0,0
737670,-11.537,1.224,-1.228,3.288,0.674,0.53355,-0.84366,-0.03379,0.05987,-0.022,0.699,0.707,0.586,1.124,0.635,-0.366,-0.183,0.366,-0.512,-0.098,0.569,310.17,100659.7,55.53,0,0
738980,-13.357,-0.071,1.337,-3.716,0.865,0.18422,-0.97901,-0.08287,-0.04388,-0.025,0.698,0.704,0.489,1.172,1.075,-0.305,-0.488,0.366,-0.511,-0.100,0.568,310.16,100660.1,55.49,0,0
740435,0.528,12.224,-3.193,8.217,5.850,0.80550,-0.57073,0.01989,0.16182,-0.026,0.702,0.700,0.733,0.928,0.830,-0.549,-0.854,0.366,-0.512,-0.100,0.571,310.12,100659.8,55.52,0,0
741813,-3.692,1.585,-1.107,2.462,0.345,0.49621,-0.86590,-0.04535,0.05556,-0.028,0.702,0.707,0.147,0.977,0.244,-0.732,-0.610,0.549,-0.510,-0.101,0.569,310.12,100660.3,55.48,0,0
742998,-3.204,0.360,1.739,-3.913,0.981,0.17067,-0.97903,-0.09855,-0.06184,-0.032,0.698,0.706,0.733,0.879,0.782,-0.488,-0.305,0.366,-0.510,-0.099,0.571,310.10,100659.8,55.52,0,0
744278,-0.427,5.115,-3.277,6.834,3.709,0.72016,-0.67557,0.00883,0.16146,-0.024,0.701,0.705,0.537,1.124,0.586,-0.610,-0.305,0.244,-0.511,-0.101,0.569,310.11,100659.3,55.56,0,0
745506,-9.723,-2.279,-0.563,0.909,0.087,0.42261,-0.90450,-0.05652,0.03692,-0.024,0.698,0.704,0.733,1.075,0.684,-0.549,-0.427,0.549,-0.510,-0.098,0.570,310.13,100660.0,55.50,0,0
746691,-13.130,0.222,3.258,-4.936,2.020,0.10211,-0.97817,-0.12722,-0.13356,-0.025,0.705,0.701,0.586,0.879,0.977,-0.671,-0.366,0.549,-0.509,-0.100,0.568,310.16,100659.8,55.52,0,0
747996,-15.449,2.490,-3.806,5.316,2.605,0.64458,-0.74185,0.02013,0.18682,-0.030,0.704,0.704,0.537,1.075,1.172,-1.038,-0.793,0.488,-0.509,-0.099,0.569,310.13,100660.0,55.50,0,0
749229,-22.309,-2.101,0.244,-0.583,0.130,0.35074,-0.93437,-0.07236,-0.00065,-0.031,0.696,0.697,0.733,1.075,0.440,-0.671,-0.732,0.549,-0.509,-0.101,0.568,310.12,100660.0,55.50,0,0
750534,-4.720,15.094,-5.324,7.709,7.403,0.79336,-0.52431,0.06930,0.30265,-0.020,0.699,0.705,1.075,1.172,0.684,-0.671,-0.916,0.366,-0.509,-0.099,0.569,310.14,100660.3,55.48,0,0
751929,-3.884,5.377,-2.213,2.888,0.703,0.52136,-0.84588,-0.03772,0.11052,-0.028,0.705,0.704,0.586,1.124,0.879,-0.671,-0.549,0.549,-0.509,-0.101,0.569,310.15,100660.1,55.49,0,0
753127,3.051,3.543,2.129,-3.012,0.662,0.21780,-0.96637,-0.12256,-0.07042,-0.026,0.705,0.707,0.586,1.124,0.586,-0.427,-1.099,0.427,-0.509,-0.099,0.570,310.12,100659.6,55.54,0,0
754437,17.974,10.596,-4.875,6.652,4.538,0.72014,-0.64772,0.03076,0.24858,-0.030,0.707,0.708,0.635,1.026,0.782,-0.732,-0.671,0.488,-0.509,-0.101,0.568,310.13,100659.9,55.51,0,0
755832,15.529,0.224,-0.776,0.728,0.045,0.41568,-0.90526,-0.07632,0.05507,-0.025,0.700,0.704,0.342,0.977,0.684,-1.099,-1.221,0.549,-0.510,-0.100,0.570,310.15,100660.1,55.50,0,0
757120,19.020,1.504,4.730,-4.434,2.411,0.10668,-0.95885,-0.17893,-0.19543,-0.022,0.704,0.703,0.537,1.221,0.586,-0.488,-0.671,0.488,-0.510,-0.102,0.568,310.14,100660.0,55.50,0,0
758485,13.889,-0.206,-4.945,4.198,2.509,0.59752,-0.75950,0.01585,0.25754,-0.021,0.704,0.703,0.733,1.026,0.342,-0.793,-0.916,0.305,-0.510,-0.099,0.570,310.16,100659.9,55.51,0,0
759793,-2.419,-7.893,0.914,-0.983,0.071,0.32535,-0.93924,-0.11424,-0.01472,-0.025,0.699,0.706,0.586,1.124,0.293,-0.732,-0.977,0.488,-0.512,-0.100,0.568,310.19,100660.7,55.45,0,0
761218,6.574,10.290,-6.703,6.720,7.948,0.75320,-0.51911,0.08545,0.39323,-0.025,0.699,0.706,0.440,0.928,0.537,-0.732,-0.854,0.610,-0.511,-0.098,0.569,310.15,100660.2,55.48,0,0
762463,-4.651,-1.048,-3.315,3.178,1.128,0.54001,-0.82370,-0.04344,0.16887,-0.029,0.701,0.706,0.489,0.879,0.733,-0.244,-1.038,0.183,-0.512,-0.099,0.567,310.16,100659.9,55.52,0,0
763916,-12.122,-2.650,2.775,-2.898,0.856,0.21323,-0.96054,-0.15670,-0.09262,-0.030,0.702,0.708,0.489,0.977,0.586,-0.854,-0.244,0.732,-0.511,-0.098,0.570,310.14,100659.9,55.51,0,0
765331,1.503,8.943,-6.166,5.998,5.268,0.69751,-0.63322,0.04363,0.33214,-0.025,0.699,0.708,0.684,0.879,0.684,-0.549,-0.610,0.549,-0.512,-0.099,0.569,310.18,100660.4,55.47,0,0
766531,0.278,-0.656,-1.878,1.635,0.276,0.46255,-0.87698,-0.07464,0.10993,-0.023,0.702,0.707,0.342,1.270,0.977,-0.305,-0.977,0.610,-0.511,-0.099,0.570,310.16,100660.0,55.50,0,0
767924,3.573,0.194,4.312,-3.683,1.763,0.15388,-0.95643,-0.19045,-0.16269,-0.029,0.708,0.706,0.684,1.221,0.782,-0.183,-0.916,0.671,-0.508,-0.101,0.569,310.17,100660.0,55.50,0,0
769199,8.237,0.530,-5.063,4.033,2.508,0.59336,-0.75996,0.00053,0.26579,-0.024,0.701,0.703,0.684,1.026,0.782,-0.671,-0.427,0.488,-0.512,-0.101,0.571,310.20,100659.7,55.53,0,0
770449,0.545,-6.921,0.803,-0.791,0.017,0.33663,-0.93376,-0.12642,-0.00249,-0.024,0.705,0.705,0.733,1.075,0.830,-0.549,-0.610,0.427,-0.512,-0.103,0.569,310.19,100660.3,55.48,0,0
771737,7.928,5.998,-6.619,6.432,6.687,0.73309,-0.56911,0.05637,0.36779,-0.027,0.705,0.706,0.684,1.026,0.782,-0.549,-0.732,0.427,-0.511,-0.101,0.571,310.18,100659.5,55.54,0,0
773027,-5.655,-4.593,-2.512,2.231,0.620,0.49560,-0.85519,-0.07332,0.13709,-0.031,0.700,0.702,0.635,0.928,0.440,-0.671,-0.610,0.488,-0.510,-0.103,0.569,310.20,100659.7,55.53,0,0
774257,-15.180,-5.551,2.990,-3.014,0.974,0.20182,-0.96061,-0.17222,-0.08992,-0.021,0.700,0.707,0.440,1.124,0.928,-0.732,-0.854,0.549,-0.511,-0.101,0.571,310.21,100660.4,55.47,0,0
775535,-17.412,0.741,-5.417,5.305,3.730,0.66129,-0.69468,0.00230,0.28431,-0.022,0.703,0.703,0.586,0.977,0.684,-0.793,-0.427,0.366,-0.509,-0.102,0.569,310.20,100659.9,55.52,0,0
776780,-28.055,-5.168,-0.529,0.334,0.104,0.40020,-0.90808,-0.11500,0.05722,-0.028,0.703,0.695,0.489,1.172,0.635,-0.610,-0.549,0.488,-0.510,-0.102,0.572,310.20,100660.1,55.50,0,0
778085,-27.158,1.063,5.203,-4.632,2.903,0.07897,-0.95407,-0.21128,-0.19970,-0.020,0.708,0.707,0.586,1.172,0.830,-1.221,-0.427,0.916,-0.510,-0.103,0.570,310.18,100660.0,55.50,0,0
779611,-20.192,6.125,-5.618,4.754,3.503,0.63391,-0.71508,0.01321,0.29510,-0.027,0.705,0.702,0.782,1.026,0.586,-0.854,-0.671,0.610,-0.510,-0.102,0.571,310.21,100659.8,55.52,0,0
780936,-17.968,-0.694,0.089,-0.253,0.029,0.36641,-0.92309,-0.11841,0.02935,-0.025,0.701,0.701,0.782,1.221,0.635,-0.793,-0.610,0.366,-0.510,-0.104,0.570,310.23,100660.2,55.48,0,0
782241,17.806,16.273,-3.440,8.869,7.666,0.86443,-0.47573,-0.03150,0.16346,-0.029,0.708,0.706,0.489,0.830,0.782,-0.854,-1.221,0.427,-0.508,-0.101,0.571,310.23,100660.3,55.48,0,0
783454,37.764,2.436,-1.862,4.653,1.337,0.60367,-0.78610,-0.09464,0.09946,-0.019,0.701,0.703,0.537,1.026,0.440,-0.671,-0.854,0.366,-0.508,-0.102,0.570,310.23,100660.5,55.46,0,0
784789,45.369,-10.535,0.847,-2.391,0.204,0.25725,-0.95597,-0.14455,0.01643,-0.027,0.708,0.704,0.782,0.977,0.977,-0.427,-1.099,0.549,-0.507,-0.101,0.570,310.22,100660.8,55.44,0,0
785979,40.350,-12.565,-2.959,7.564,4.273,0.76543,-0.62603,-0.06880,0.13662,-0.025,0.705,0.705,0.489,1.124,1.172,-0.488,-0.671,0.549,-0.507,-0.103,0.568,310.20,100660.5,55.46,0,0
787297,-2.481,-25.523,-0.702,1.429,0.089,0.44949,-0.88244,-0.12687,0.06557,-0.025,0.705,0.702,0.635,0.733,0.879,-0.732,-0.793,0.549,-0.508,-0.101,0.570,310.20,100660.2,55.49,0,0
788587,-37.558,-23.568,2.386,-4.966,1.697,0.09692,-0.98034,-0.17070,-0.04009,-0.027,0.701,0.706,0.635,1.319,1.124,-0.793,-0.610,0.427,-0.508,-0.103,0.570,310.21,100660.0,55.50,0,0
789847,-63.467,-19.287,-2.923,5.775,2.585,0.67381,-0.72179,-0.07492,0.14366,-0.029,0.704,0.701,0.928,1.221,0.782,-0.488,-0.488,0.671,-0.509,-0.101,0.571,310.21,100660.3,55.48,0,0
791140,-95.970,-22.388,0.134,-0.574,0.181,0.34994,-0.92599,-0.13976,0.04114,-0.024,0.700,0.697,0.342,1.417,0.782,-0.671,-1.099,0.427,-0.509,-0.103,0.569,310.20,100660.1,55.49,0,0
792490,-123.567,-4.200,-2.752,9.102,8.103,0.87870,-0.45903,-0.06796,0.11740,-0.023,0.702,0.705,0.440,0.928,0.391,-0.732,-1.099,0.610,-0.510,-0.101,0.570,310.20,100660.4,55.47,0,0
793733,1008.335,99.262,-1.546,4.805,-0.214,0.60987,-0.77905,-0.12463,0.08303,-0.025,0.703,0.702,0.537,1.075,0.440,-0.732,-0.671,0.305,-0.510,-0.103,0.569,310.17,100660.0,55.50,0,0
795143,4.436,2.077,0.760,-2.520,0.372,0.24763,-0.95509,-0.16326,0.03297,-0.028,0.702,0.702,0.586,0.977,0.879,0.122,-0.977,0.061,-0.512,-0.101,0.571,310.17,100660.4,55.47,0,0
796453,-10.229,13.519,-2.567,8.316,5.544,0.81371,-0.56498,-0.09339,0.10569,-0.030,0.707,0.697,0.489,0.733,0.586,-0.305,-0.366,0.488,-0.509,-0.108,0.569,310.20,100660.6,55.46,0,0
797726,-21.000,5.948,-0.945,2.704,0.476,0.51302,-0.84376,-0.14376,0.07217,-0.029,0.710,0.695,0.586,0.977,0.879,-0.916,-0.793,0.488,-0.513,-0.111,0.571,310.16,100659.7,55.53,0,0
799121,-19.236,7.515,1.387,-4.490,1.243,0.14069,-0.97592,-0.16902,0.02217,-0.024,0.711,0.696,0.635,1.221,0.879,-0.549,-0.732,0.427,-0.512,-0.113,0.570,310.14,100660.1,55.50,0,0
800366,-9.171,12.531,-2.050,6.707,3.080,0.71815,-0.68078,-0.11663,0.09199,-0.030,0.710,0.694,0.586,0.977,0.733,-0.427,-0.183,0.366,-0.513,-0.113,0.572,310.15,100660.4,55.47,0,0
801614,-8.036,6.691,-0.227,0.342,-0.023,0.39920,-0.90195,-0.15749,0.05804,-0.032,0.714,0.699,0.391,0.684,0.830,-0.610,-0.916,0.488,-0.513,-0.114,0.571,310.13,100660.7,55.45,0,0
803054,4.792,13.001,4.337,-5.818,3.258,0.00657,-0.96711,-0.21968,-0.13293,-0.036,0.702,0.705,0.440,0.977,0.537,-3.418,1.038,0.122,-0.534,-0.129,0.562,310.12,100660.6,55.46,0,0
804359,10.478,9.128,-3.382,3.990,1.603,0.59185,-0.77976,-0.09633,0.18345,-0.027,0.697,0.703,0.342,1.270,0.342,0.427,-1.099,-0.061,-0.511,-0.127,0.559,310.11,100660.0,55.50,0,0
805422,6.607,2.696,0.728,-1.008,0.041,0.32677,-0.92817,-0.17826,0.02643,-0.031,0.710,0.698,0.586,0.830,0.830,-0.610,-0.793,0.427,-0.519,-0.129,0.566,310.12,100660.1,55.49,0,0
806747,15.739,16.072,-6.209,7.074,7.403,0.78846,-0.51643,-0.01132,0.33443,-0.028,0.697,0.712,0.489,1.026,0.440,0.610,-0.977,0.183,-0.518,-0.127,0.557,310.13,100660.0,55.50,0,0
808022,4.030,3.714,-2.818,2.326,0.552,0.50700,-0.83478,-0.13645,0.16901,-0.029,0.718,0.709,0.684,0.977,0.635,-6.287,-0.366,1.648,-0.520,-0.131,0.563,310.16,100660.5,55.46,0,0
809040,-5.245,0.246,1.390,-1.609,0.214,0.22769,-0.95091,-0.20945,-0.00634,-0.038,0.612,0.784,0.537,1.026,0.782,-0.977,-0.610,0.427,-0.601,-0.118,0.527,310.15,100660.7,55.45,0,0
810480,3.272,15.213,-6.290,6.913,7.194,0.74932,-0.57097,-0.03599,0.33267,-0.035,0.611,0.787,0.489,1.026,0.635,-0.854,-0.183,0.366,-0.601,-0.114,0.528,310.16,100660.3,55.48,0,0
811715,-2.991,4.915,-2.897,2.926,0.923,0.48317,-0.84984,-0.14586,0.15530,-0.038,0.608,0.784,0.342,0.977,0.684,-1.160,-0.549,0.549,-0.616,-0.117,0.527,310.16,100661.1,55.41,0,0
812823,-5.582,2.628,2.088,-2.255,0.532,0.18028,-0.95747,-0.22434,-0.03458,-0.041,0.602,0.788,0.391,1.026,1.075,-1.099,-0.854,0.000,-0.610,-0.112,0.527,310.16,100660.2,55.49,0,0
814263,8.302,15.862,-6.350,6.383,6.343,0.71485,-0.61283,-0.04734,0.33255,-0.040,0.602,0.786,0.537,1.270,0.440,-0.732,-1.160,0.854,-0.613,-0.113,0.527,310.19,100660.1,55.49,0,0
815463,6.515,5.644,-2.576,2.394,0.672,0.45367,-0.86520,-0.15870,0.14576,-0.037,0.603,0.785,0.537,0.830,0.635,-0.610,-1.038,0.366,-0.616,-0.112,0.528,310.19,100659.8,55.52,0,0
816636,5.744,2.871,2.296,-1.580,0.549,0.21957,-0.93974,-0.26078,-0.03469,-0.041,0.616,0.760,0.098,1.075,0.830,9.399,-5.371,-0.549,-0.549,-0.107,0.539,310.20,100660.7,55.45,0,0
818046,14.802,11.824,-7.084,4.690,5.035,0.67049,-0.62991,-0.06358,0.38823,-0.023,0.700,0.710,0.586,0.977,0.879,-3.967,-1.770,-0.305,-0.514,-0.111,0.563,310.18,100659.8,55.53,0,0
819336,10.367,3.069,-2.426,2.607,0.786,0.50723,-0.82202,-0.20538,0.15998,-0.028,0.671,0.713,0.440,1.075,1.172,10.559,-3.540,-2.014,-0.494,-0.112,0.563,310.17,100660.6,55.45,0,0
820564,5.351,0.068,2.600,-2.850,0.759,0.20344,-0.93909,-0.27887,0.00360,-0.024,0.716,0.692,0.342,1.172,0.928,-0.122,-0.977,0.305,-0.476,-0.106,0.565,310.18,100659.9,55.51,0,0
821964,10.163,9.170,-5.765,6.246,5.217,0.75078,-0.58239,-0.10680,0.29495,-0.030,0.711,0.687,0.684,1.075,1.075,-1.587,-0.366,0.305,-0.492,-0.117,0.569,310.20,100660.4,55.47,0,0
823194,-0.319,-0.749,-1.980,1.896,0.356,0.48645,-0.83357,-0.21435,0.15446,-0.028,0.715,0.692,0.684,0.928,0.733,-0.732,-0.732,0.854,-0.489,-0.114,0.571,310.19,100660.1,55.50,0,0
824542,-7.575,-0.951,3.290,-3.416,1.298,0.15854,-0.94383,-0.29120,-0.02205,-0.024,0.711,0.688,0.586,0.928,0.586,-0.671,-0.977,0.488,-0.489,-0.117,0.568,310.19,100660.2,55.49,0,0
825937,-3.717,6.820,-5.839,5.660,4.455,0.71600,-0.61776,-0.11972,0.30434,-0.024,0.715,0.694,0.537,0.928,0.537,-0.610,-0.854,0.366,-0.491,-0.115,0.570,310.14,100660.3,55.48,0,0
827277,-12.861,-1.694,-1.137,0.917,0.126,0.43189,-0.86064,-0.23678,0.13362,-0.023,0.713,0.690,0.537,1.172,0.977,-0.854,-0.671,0.488,-0.495,-0.122,0.572,310.11,100659.9,55.51,0,0
828445,-14.946,-0.317,4.164,-3.328,1.596,0.14658,-0.93681,-0.31353,-0.06173,-0.025,0.716,0.689,0.537,0.830,0.684,-0.671,-0.549,0.366,-0.497,-0.120,0.573,310.12,100660.5,55.46,0,0
829705,-17.004,2.222,-5.403,3.950,2.745,0.62716,-0.70550,-0.14275,0.29966,-0.027,0.718,0.689,0.635,0.977,0.635,-0.610,-1.038,0.488,-0.496,-0.122,0.572,310.07,100660.6,55.46,0,0
830918,-26.385,-3.114,0.059,-0.231,0.014,0.36736,-0.88873,-0.25952,0.09549,-0.026,0.720,0.688,0.537,1.075,0.733,-0.916,-0.610,0.610,-0.496,-0.119,0.573,310.09,100660.3,55.48,0,0
832063,-18.814,9.165,-4.719,7.518,5.877,0.80624,-0.52668,-0.16109,0.21889,-0.021,0.719,0.686,0.391,1.221,1.026,-0.671,-0.916,-0.183,-0.500,-0.125,0.573,310.08,100660.0,55.50,0,0
833398,-23.969,2.137,-1.698,2.465,0.501,0.50774,-0.81172,-0.25277,0.14336,-0.027,0.718,0.690,0.537,1.026,0.879,-0.854,-0.732,0.488,-0.516,-0.131,0.580,310.07,100660.5,55.46,0,0
834596,-24.088,2.236,2.070,-3.312,0.847,0.18312,-0.93671,-0.29510,0.05477,-0.025,0.715,0.690,0.489,1.172,0.733,-0.671,-1.038,0.732,-0.509,-0.128,0.577,310.10,100660.1,55.50,0,0
835811,-17.975,7.770,-4.131,5.900,3.306,0.70326,-0.64678,-0.20317,0.21700,-0.009,0.715,0.689,0.147,1.368,0.684,-1.709,-0.305,0.061,-0.493,-0.119,0.574,310.08,100660.6,55.46,0,0
837151,-20.435,2.151,-0.197,0.129,0.001,0.38651,-0.87182,-0.27910,0.11764,-0.020,0.727,0.684,0.489,1.075,0.733,-0.488,-0.244,0.488,-0.478,-0.113,0.566,310.04,100659.6,55.54,0,0
838482,-14.414,5.798,3.915,-4.400,2.021,0.01710,-0.94584,-0.32298,-0.04433,-0.033,0.608,0.784,0.342,1.026,0.782,-0.671,-0.305,0.610,-0.603,-0.112,0.529,310.06,100660.3,55.48,0,0
839757,-8.442,6.989,-4.296,4.520,2.341,0.58985,-0.74730,-0.21579,0.21864,-0.035,0.607,0.786,0.537,1.026,0.830,-0.671,-0.854,0.488,-0.605,-0.114,0.527,310.03,100660.3,55.48,0,0
841122,-10.136,1.813,0.945,-1.172,0.179,0.23911,-0.92269,-0.29983,0.05239,-0.035,0.603,0.784,0.586,0.537,0.098,-0.854,-0.488,0.488,-0.609,-0.112,0.531,310.05,100660.4,55.47,0,0
842430,6.489,14.144,-6.391,6.202,5.860,0.73573,-0.57513,-0.13796,0.33129,-0.007,0.656,0.750,0.293,0.684,0.977,-0.854,-0.427,0.549,-0.469,-0.086,0.519,310.05,100660.6,55.45,0,0
843810,2.713,3.878,-1.998,1.765,0.409,0.44287,-0.84394,-0.25440,0.16752,-0.006,0.654,0.744,0.586,0.879,0.879,-0.488,-0.549,0.549,-0.455,-0.080,0.519,310.06,100660.4,55.47,0,0
845145,3.637,3.903,4.061,-3.533,1.592,0.10817,-0.95428,-0.26576,-0.09090,-0.015,0.657,0.749,0.440,1.075,0.586,-3.052,9.216,4.089,-0.476,-0.089,0.525,310.10,100660.7,55.45,0,0
846358,0.285,2.094,-4.011,3.411,1.541,0.59142,-0.75990,-0.12148,0.24350,0.000,0.744,0.664,0.342,1.026,0.586,-0.793,-1.038,0.427,-0.430,-0.094,0.566,310.11,100660.5,55.46,0,0
847683,-9.881,-2.135,1.717,-1.573,0.285,0.30640,-0.92307,-0.23359,0.02591,-0.005,0.748,0.657,0.440,1.417,0.537,-1.038,-0.610,0.305,-0.425,-0.092,0.564,310.10,100661.0,55.42,0,0
849183,9.100,17.484,-7.239,6.192,7.990,0.77776,-0.46830,0.00471,0.42047,-0.000,0.747,0.661,0.733,0.928,0.733,-0.610,-0.244,0.488,-0.428,-0.092,0.565,310.08,100660.2,55.48,0,0
850486,7.499,5.721,-3.615,2.934,1.152,0.56410,-0.78301,-0.13561,0.22713,0.002,0.746,0.657,0.489,1.172,0.537,-0.305,-0.427,0.671,-0.421,-0.091,0.562,310.10,100660.9,55.43,0,0
851926,9.405,2.352,2.598,-2.191,0.584,0.26234,-0.93257,-0.25041,-0.00700,-0.003,0.747,0.658,0.391,0.879,0.391,-0.549,-0.732,0.305,-0.422,-0.089,0.565,310.12,100660.6,55.45,0,0
853266,27.689,11.316,-6.699,5.276,5.037,0.71393,-0.59052,-0.04609,0.37507,0.002,0.754,0.652,0.586,1.368,0.928,-0.610,-0.732,0.427,-0.420,-0.091,0.562,310.11,100660.6,55.45,0,0
854599,24.726,-0.391,-1.696,1.167,0.142,0.46948,-0.84941,-0.18230,0.16092,0.004,0.751,0.655,0.489,1.075,0.684,-0.793,-0.488,0.549,-0.418,-0.088,0.563,310.11,100660.4,55.47,0,0
855844,20.990,-3.020,3.907,-2.980,1.221,0.19231,-0.94026,-0.27699,-0.05724,0.002,0.740,0.670,0.635,1.075,0.440,-0.183,-1.160,0.427,-0.414,-0.082,0.551,310.12,100660.6,55.46,0,0
857329,20.996,4.580,-7.028,4.954,5.226,0.69830,-0.59498,-0.04785,0.39656,0.000,0.742,0.667,0.537,0.879,0.586,-0.793,-1.038,0.427,-0.417,-0.083,0.552,310.14,100660.5,55.46,0,0
858757,4.242,-7.508,-1.360,0.688,0.024,0.43576,-0.86463,-0.20254,0.15075,-0.001,0.738,0.671,0.879,1.124,0.586,-2.441,-0.305,0.366,-0.432,-0.091,0.556,310.14,100660.8,55.44,0,0
860077,-1.313,-5.719,5.301,-2.791,2.030,0.16863,-0.92645,-0.31319,-0.12776,0.001,0.736,0.667,0.537,1.270,0.733,-0.488,-0.610,0.488,-0.428,-0.087,0.556,310.14,100660.8,55.43,0,0
861532,-4.622,-1.121,-6.874,3.492,3.824,0.62083,-0.67200,-0.06134,0.40027,0.006,0.743,0.667,1.026,0.977,0.977,-0.183,-0.305,0.488,-0.423,-0.087,0.554,310.13,100660.6,55.45,0,0
862760,-17.282,-9.475,-0.856,0.290,0.031,0.41284,-0.87515,-0.21526,0.13612,0.002,0.736,0.667,0.782,1.319,0.879,-0.916,-0.977,0.244,-0.425,-0.087,0.555,310.13,100661.1,55.41,0,0
863935,-23.139,-6.094,6.206,-1.611,2.425,0.20964,-0.89658,-0.34426,-0.18610,-0.001,0.741,0.665,0.586,1.368,0.586,-0.671,-0.732,0.366,-0.425,-0.088,0.554,310.14,100660.4,55.47,0,0
865225,-33.013,-5.646,-5.783,1.191,2.073,0.50215,-0.77681,-0.09954,0.36645,0.005,0.739,0.668,0.830,1.075,0.586,-0.732,-0.671,0.488,-0.425,-0.086,0.556,310.10,100660.6,55.45,0,0
866483,-46.073,-8.624,2.062,-0.569,0.300,0.33537,-0.90295,-0.27016,0.01467,0.007,0.735,0.669,0.489,1.075,0.684,-0.549,-0.488,0.549,-0.425,-0.088,0.553,310.11,100660.8,55.44,0,0
867773,-40.090,5.134,-8.491,2.319,5.767,0.57562,-0.63131,-0.00232,0.51910,0.004,0.736,0.668,0.195,1.417,0.586,-0.488,-0.305,0.427,-0.426,-0.086,0.555,310.10,100660.8,55.44,0,0
869021,-47.612,-2.099,-2.142,0.436,0.284,0.43338,-0.85820,-0.19512,0.19470,0.002,0.740,0.670,0.489,1.221,1.124,-0.732,-0.610,0.427,-0.425,-0.088,0.554,310.12,100660.7,55.44,0,0
870281,-45.325,1.879,5.609,-1.267,1.871,0.23834,-0.89913,-0.33670,-0.15065,0.005,0.742,0.673,0.830,1.270,0.782,-0.488,-0.305,0.183,-0.426,-0.085,0.553,310.09,100660.7,55.44,0,0
871541,-39.790,5.287,-6.223,1.221,2.466,0.50748,-0.76274,-0.09213,0.38894,0.002,0.737,0.669,0.684,0.977,0.733,-0.549,-0.671,0.427,-0.426,-0.089,0.553,310.10,100661.2,55.40,0,0
872814,-38.572,2.041,1.679,-0.506,0.211,0.34497,-0.89861,-0.27076,0.03434,0.003,0.740,0.667,0.489,1.124,0.635,-0.732,-0.732,0.732,-0.426,-0.087,0.555,310.11,100661.1,55.41,0,0
874169,-12.923,18.610,-8.950,2.318,6.822,0.58362,-0.58873,0.01518,0.55870,0.004,0.740,0.669,0.782,1.075,0.586,-0.488,-0.854,0.671,-0.424,-0.088,0.554,310.12,100661.0,55.42,0,0
875564,-5.423,8.004,-2.402,0.496,0.325,0.43998,-0.84972,-0.20159,0.21188,0.004,0.741,0.666,0.440,0.928,1.075,-0.549,-0.854,0.366,-0.424,-0.086,0.555,310.10,100661.1,55.41,0,0
876807,9.681,8.159,5.301,-1.222,1.581,0.24289,-0.89829,-0.34555,-0.12633,0.003,0.743,0.669,0.684,1.124,0.733,-0.977,-0.854,0.366,-0.423,-0.088,0.553,310.11,100661.1,55.41,0,0
878112,22.193,8.958,-6.894,1.225,3.028,0.52015,-0.73153,-0.09085,0.43059,0.000,0.739,0.665,0.489,1.221,0.879,-0.671,-1.465,0.366,-0.424,-0.086,0.555,310.12,100660.7,55.44,0,0
879422,17.743,-0.347,0.968,-0.343,0.028,0.35833,-0.88937,-0.27610,0.07486,0.005,0.737,0.666,0.879,1.124,0.879,-0.732,-0.427,0.610,-0.424,-0.088,0.553,310.11,100660.7,55.44,0,0
880785,33.261,14.836,-8.926,3.085,7.563,0.63722,-0.53037,0.00515,0.55870,0.004,0.740,0.665,0.537,1.221,0.879,-0.549,-0.671,0.427,-0.421,-0.085,0.554,310.11,100660.8,55.43,0,0
882135,24.301,1.609,-3.490,1.047,0.602,0.47824,-0.81475,-0.19980,0.26215,0.005,0.747,0.665,0.928,1.270,0.635,-0.854,-0.732,0.366,-0.423,-0.087,0.552,310.12,100661.2,55.40,0,0
883320,20.560,-1.123,3.647,-1.261,0.735,0.26875,-0.90528,-0.32932,-0.03255,0.006,0.739,0.666,0.830,1.026,0.586,-0.977,-0.122,0.366,-0.423,-0.086,0.555,310.14,100661.5,55.38,0,0
884643,24.326,6.002,-7.819,2.365,4.494,0.58525,-0.65323,-0.07091,0.47564,0.008,0.739,0.667,0.635,0.977,0.830,-0.916,-0.732,0.488,-0.419,-0.087,0.553,310.12,100660.7,55.45,0,0
886068,16.464,-3.019,-0.568,0.062,-0.043,0.39693,-0.86727,-0.26517,0.14491,0.001,0.741,0.666,0.293,1.417,0.586,-0.305,-0.793,0.427,-0.418,-0.084,0.553,310.15,100661.2,55.40,0,0
887268,26.855,1.003,6.775,-0.982,2.673,0.20516,-0.87368,-0.39624,-0.19643,0.006,0.743,0.667,0.782,1.417,0.928,-0.854,-1.038,0.427,-0.418,-0.086,0.552,310.14,100660.5,55.46,0,0
888496,30.548,-3.174,-4.886,0.520,1.261,0.47058,-0.79591,-0.16820,0.34211,0.002,0.743,0.670,0.635,1.124,0.879,-0.610,-0.549,0.305,-0.419,-0.084,0.554,310.14,100660.3,55.48,0,0
889911,28.705,-7.516,4.019,-1.419,0.809,0.22272,-0.90410,-0.36359,-0.04463,-0.006,0.710,0.712,0.489,0.879,0.830,-7.568,-1.831,-0.671,-0.449,-0.076,0.544,310.18,100661.3,55.40,0,0
891126,35.457,-6.708,-6.862,1.935,3.027,0.53131,-0.71988,-0.14334,0.42319,0.010,0.686,0.722,0.586,0.977,1.026,-1.221,0.610,0.671,-0.415,-0.049,0.545,310.17,100660.7,55.44,0,0
892399,22.330,-16.393,0.391,-0.812,0.472,0.26439,-0.92910,-0.25289,0.06350,-0.017,0.574,0.750,0.391,0.928,0.928,-7.263,7.629,3.418,-0.520,-0.081,0.558,310.20,100661.0,55.42,0,0
893689,12.545,-9.918,-4.965,7.130,5.313,0.78453,-0.55155,-0.13404,0.25217,0.000,0.731,0.678,0.635,0.977,0.635,-0.671,-0.671,0.244,-0.446,-0.085,0.566,310.21,100661.1,55.41,0,0
894894,-17.720,-20.214,-1.847,2.526,0.479,0.52147,-0.81100,-0.21498,0.15946,0.004,0.737,0.669,0.733,0.977,0.489,0.000,-0.305,0.488,-0.443,-0.089,0.565,310.21,100661.0,55.42,0,0
896212,-48.447,-20.774,2.381,-3.289,0.872,0.19209,-0.94374,-0.26919,0.03492,-0.001,0.733,0.678,0.342,1.075,0.782,-0.183,-0.549,0.305,-0.442,-0.088,0.565,310.20,100661.3,55.40,0,0
897622,-63.181,-9.094,-4.802,6.776,4.851,0.76633,-0.57759,-0.13525,0.24922,0.000,0.734,0.669,0.244,1.124,0.440,-2.991,0.488,0.122,-0.437,-0.090,0.564,310.19,100660.7,55.44,0,0
898882,-86.905,-14.676,-1.409,1.806,0.341,0.48744,-0.83155,-0.22440,0.14688,-0.003,0.743,0.667,0.147,0.928,0.782,-0.488,-0.977,0.305,-0.441,-0.093,0.565,310.20,100660.9,55.43,0,0
900263,-103.859,-10.157,2.921,-4.061,1.527,0.14489,-0.94987,-0.27839,0.02292,-0.001,0.739,0.665,0.537,1.221,0.830,-0.366,-1.465,0.549,-0.441,-0.093,0.564,310.19,100660.9,55.43,0,0
901448,-120.461,-4.433,-3.865,4.887,2.468,0.65972,-0.69398,-0.18514,0.22397,-0.003,0.741,0.667,0.440,1.221,0.635,-0.671,-1.099,0.305,-0.439,-0.092,0.565,310.17,100661.1,55.41,0,0
902828,-148.561,-3.932,0.548,-0.886,0.235,0.33610,-0.89945,-0.26335,0.09963,0.001,0.736,0.673,0.733,1.319,0.928,-0.671,-0.793,0.427,-0.445,-0.097,0.565,310.17,100660.6,55.46,0,0
904041,-176.290,18.112,-4.596,7.619,6.230,0.81390,-0.51343,-0.16226,0.22108,-0.004,0.736,0.669,0.489,1.026,0.830,-0.488,-0.793,0.305,-0.445,-0.095,0.566,310.20,100660.9,55.43,0,0
905471,-264.969,31.532,-1.465,2.198,0.836,0.50406,-0.81375,-0.24948,0.15080,-0.005,0.740,0.664,0.537,1.026,0.879,-0.671,-0.732,0.549,-0.444,-0.098,0.565,310.23,100661.0,55.42,0,0
906639,-934.826,194.610,2.079,-3.449,3.176,0.19040,-0.93778,-0.28345,0.07050,0.001,0.742,0.667,0.733,1.172,1.026,-0.488,-0.732,0.366,-0.445,-0.097,0.565,310.22,100661.4,55.39,0,0
907794,308.974,-119.360,-3.629,5.919,2.286,0.70380,-0.65067,-0.20950,0.19664,-0.004,0.740,0.670,0.635,1.026,0.440,0.183,-0.549,0.244,-0.447,-0.099,0.565,310.23,100660.7,55.45,0,0
909129,43.341,-76.675,0.060,-0.265,-0.182,0.37237,-0.87955,-0.27322,0.11961,-0.004,0.738,0.667,0.782,0.830,0.635,-2.014,-0.610,0.488,-0.440,-0.095,0.565,310.22,100661.2,55.40,0,0
910542,-40.758,-51.594,-4.057,8.716,8.737,0.90040,-0.36499,-0.16902,0.16960,-0.000,0.742,0.660,0.684,1.124,1.026,-1.282,-0.366,0.000,-0.452,-0.109,0.571,310.22,100660.5,55.46,0,0
911727,-120.112,-59.536,-2.589,5.330,2.081,0.65698,-0.69327,-0.25203,0.15847,-0.003,0.742,0.662,0.733,1.270,0.635,-0.366,-0.854,0.366,-0.452,-0.107,0.570,310.22,100660.8,55.43,0,0
913077,-172.938,-51.048,0.636,-1.432,0.241,0.31353,-0.89662,-0.29133,0.11892,-0.006,0.748,0.661,0.391,1.270,0.928,-0.732,-0.671,0.305,-0.451,-0.108,0.569,310.22,100660.3,55.48,0,0
914275,-154.669,-21.443,-4.096,7.708,5.604,0.80513,-0.51975,-0.21668,0.18948,0.002,0.743,0.669,0.733,0.733,0.879,-0.244,-0.916,0.122,-0.450,-0.107,0.570,310.20,100660.5,55.46,0,0
915630,-141.106,-16.682,-1.264,2.174,0.474,0.49811,-0.80410,-0.28735,0.15466,-0.002,0.747,0.662,0.342,1.172,0.440,-0.122,-0.549,0.427,-0.445,-0.105,0.567,310.21,100660.4,55.47,0,0
917040,-122.770,-6.922,2.418,-4.329,1.520,0.13488,-0.93828,-0.30865,0.08632,-0.003,0.747,0.660,0.537,1.026,0.684,-0.366,-0.427,0.610,-0.446,-0.104,0.570,310.21,100660.6,55.45,0,0
918268,-103.571,2.197,-3.452,5.701,2.836,0.69345,-0.64899,-0.24860,0.19341,-0.005,0.746,0.662,0.684,1.026,0.733,-0.610,-0.977,0.427,-0.443,-0.106,0.568,310.24,100660.5,55.46,0,0
919618,-92.364,1.461,0.089,-0.401,0.173,0.36448,-0.86955,-0.30731,0.13355,-0.012,0.740,0.661,0.537,1.075,0.440,-0.244,-0.671,0.732,-0.443,-0.104,0.568,310.24,100660.2,55.49,0,0
921063,-47.237,28.887,-4.356,8.592,9.440,0.90795,-0.33195,-0.19016,0.17470,-0.004,0.744,0.657,0.440,1.221,0.635,-0.183,-0.916,0.427,-0.419,-0.101,0.554,310.25,100660.1,55.49,0,0
922321,-32.025,19.739,-2.603,5.161,1.697,0.64187,-0.69341,-0.28478,0.16543,-0.003,0.765,0.674,0.635,1.612,0.782,-2.869,-0.671,0.427,-0.426,-0.102,0.555,310.26,100660.9,55.43,0,0
923761,-10.714,16.785,0.516,-1.044,0.097,0.25197,-0.89850,-0.34631,0.10261,-0.025,0.620,0.779,0.928,1.124,0.879,-0.732,-1.160,0.366,-0.565,-0.115,0.518,310.28,100661.4,55.39,0,0
924991,27.046,29.537,-4.092,7.878,5.875,0.77889,-0.55105,-0.26296,0.14462,-0.024,0.617,0.777,0.830,0.928,0.782,-0.793,-0.671,0.244,-0.543,-0.106,0.518,310.27,100660.3,55.48,0,0
926224,41.853,18.515,-1.448,2.795,0.476,0.45793,-0.81398,-0.33759,0.12269,-0.026,0.620,0.780,0.782,1.026,0.782,-0.854,-0.427,-0.061,-0.530,-0.103,0.514,310.26,100660.8,55.44,0,0
927454,50.511,14.127,1.739,-3.899,0.957,0.08103,-0.93008,-0.34617,0.09841,-0.020,0.609,0.783,0.489,1.075,0.830,-0.061,-1.160,1.038,-0.542,-0.104,0.517,310.26,100660.0,55.50,0,0
928759,57.826,16.239,-2.150,7.346,3.821,0.69484,-0.64650,-0.31063,0.05066,-0.037,0.598,0.787,0.879,1.221,0.782,-1.953,2.197,-0.305,-0.546,-0.101,0.513,310.25,100660.4,55.47,0,0
929987,48.128,5.505,-1.725,1.286,0.131,0.38853,-0.84908,-0.31725,0.16833,-0.008,0.612,0.787,0.244,1.075,0.928,8.606,-2.014,5.493,-0.594,-0.119,0.527,310.25,100660.1,55.49,0,0
931192,43.185,7.104,5.496,-3.744,2.887,-0.05072,-0.95159,-0.18704,-0.24123,0.012,0.417,0.878,0.586,0.684,1.124,-22.156,36.377,9.277,-0.525,0.000,0.505,310.24,100660.5,55.46,0,0
932467,30.188,1.420,-2.984,2.705,0.904,0.45742,-0.87145,-0.05339,0.16579,-0.009,0.588,0.798,0.537,0.928,0.928,-0.488,-0.549,0.549,-0.453,-0.005,0.585,310.23,100660.6,55.45,0,0
933845,19.147,-0.739,3.098,-3.082,1.008,0.13062,-0.97541,-0.14725,-0.10440,0.004,0.594,0.797,0.391,1.270,1.075,-0.244,-1.160,0.366,-0.449,-0.003,0.586,310.26,100660.6,55.45,0,0
935120,19.149,3.444,-5.470,5.139,3.386,0.59602,-0.74367,0.00657,0.30179,0.015,0.619,0.792,0.537,0.879,1.075,-0.122,-1.282,1.465,-0.453,-0.005,0.590,310.26,100661.1,55.41,0,0
936323,8.193,-4.119,-0.599,-0.581,0.126,0.29810,-0.94549,-0.11245,0.07430,0.001,0.610,0.771,0.586,1.221,0.782,-5.615,-3.784,1.892,-0.462,-0.006,0.600,310.27,100660.4,55.47,0,0
937673,15.897,9.870,6.477,6.616,6.896,0.60607,-0.63320,-0.25386,-0.40937,0.007,0.609,0.786,0.684,0.977,0.879,-0.671,-0.427,0.183,-0.466,-0.008,0.599,310.27,100661.0,55.41,0,0
938963,3.420,-2.357,1.506,1.483,0.286,0.38155,-0.91077,-0.15120,-0.03434,0.006,0.610,0.777,0.537,0.879,0.830,-0.488,-0.671,0.244,-0.466,-0.009,0.599,310.27,100660.9,55.43,0,0
940191,-0.299,-0.075,-4.545,-4.613,2.447,0.09091,-0.94485,-0.02402,0.31389,0.010,0.611,0.787,0.635,1.124,0.977,-0.732,-1.099,0.549,-0.466,-0.008,0.600,310.26,100660.8,55.43,0,0
941576,-8.600,-0.746,4.262,4.161,2.115,0.48646,-0.82521,-0.19814,-0.20837,0.007,0.600,0.792,0.635,0.928,0.635,-0.061,-0.244,0.549,-0.487,-0.014,0.598,310.28,100660.5,55.46,0,0
942806,-20.036,-5.070,-2.053,-2.037,0.478,0.22051,-0.95857,-0.08317,0.15836,0.001,0.595,0.794,0.440,1.075,1.270,-0.305,-0.732,0.366,-0.482,-0.011,0.602,310.28,100660.3,55.48,0,0
944169,-18.759,4.537,6.264,5.392,4.753,0.52240,-0.73847,-0.23579,-0.35694,0.006,0.579,0.806,0.635,1.026,1.026,-1.282,-0.549,0.366,-0.490,-0.009,0.589,310.31,100660.5,55.46,0,0
945624,-30.651,-3.271,-0.898,-0.838,0.174,0.26462,-0.95430,-0.10373,0.09359,0.004,0.577,0.805,0.586,1.026,1.026,-0.793,-0.305,0.488,-0.490,-0.007,0.590,310.32,100660.9,55.43,0,0
946964,-15.082,11.501,6.498,6.116,5.985,0.56209,-0.68564,-0.24183,-0.39574,0.003,0.579,0.808,0.830,0.928,0.440,-0.427,-0.977,0.427,-0.490,-0.008,0.590,310.29,100660.4,55.47,0,0
948282,-19.455,1.641,0.740,0.632,0.131,0.32418,-0.93556,-0.13757,0.00457,0.003,0.573,0.808,0.635,1.026,0.684,-0.732,-0.854,0.305,-0.489,-0.007,0.590,310.33,100660.5,55.46,0,0
949602,-8.355,9.749,-6.313,-4.614,4.037,0.06247,-0.90577,0.01290,0.41905,0.004,0.580,0.804,0.684,0.684,0.879,-0.610,-0.427,0.427,-0.489,-0.008,0.589,310.33,100660.5,55.46,0,0
950862,-10.704,2.982,2.257,1.645,0.481,0.36929,-0.91050,-0.16869,-0.08175,0.006,0.582,0.804,0.684,1.026,0.586,-0.732,-1.038,0.366,-0.490,-0.006,0.591,310.32,100660.6,55.45,0,0
952005,-9.068,4.770,-4.698,-3.576,2.072,0.13504,-0.93906,-0.03681,0.31196,0.003,0.579,0.804,0.635,0.977,0.977,-0.732,-0.977,0.366,-0.488,-0.007,0.589,310.33,100660.9,55.43,0,0
953385,-8.787,5.515,4.876,3.536,2.166,0.43361,-0.84348,-0.21153,-0.23890,0.005,0.576,0.812,0.537,1.124,0.635,-0.610,-0.610,0.671,-0.488,-0.006,0.590,310.33,100660.5,55.46,0,0
954675,-10.590,2.588,-2.966,-2.245,0.817,0.20235,-0.95365,-0.07082,0.20868,0.005,0.576,0.805,0.537,0.928,0.635,-0.916,-0.488,0.244,-0.487,-0.007,0.588,310.30,100661.2,55.40,0,0
955813,-7.594,5.047,4.987,3.579,2.308,0.43604,-0.83708,-0.21211,-0.25533,-0.011,0.571,0.806,0.537,1.075,0.830,-0.366,-0.977,0.610,-0.514,-0.007,0.595,310.25,100660.8,55.44,0,0
957168,-9.630,2.402,-3.054,-2.257,0.841,0.19802,-0.95376,-0.06648,0.21432,0.011,0.572,0.812,0.342,0.977,0.782,-0.854,-0.671,0.366,-0.503,-0.005,0.590,310.23,100660.8,55.44,0,0
958443,-2.213,7.360,5.778,4.091,3.140,0.45589,-0.80620,-0.22429,-0.30530,-0.004,0.577,0.807,0.293,0.830,1.124,-0.793,0.122,0.061,-0.484,-0.002,0.588,310.21,100661.1,55.41,0,0
959714,-4.245,1.540,-1.840,-1.522,0.281,0.23522,-0.95628,-0.08559,0.14726,0.012,0.582,0.812,0.489,0.782,0.977,-1.770,-1.160,0.488,-0.491,-0.004,0.587,310.20,100661.1,55.41,0,0
960989,6.997,10.250,5.602,6.144,4.673,0.57396,-0.72868,-0.22636,-0.29875,0.053,0.595,0.800,0.830,0.977,0.391,-0.549,-0.671,0.610,-0.439,-0.036,0.468,310.20,100661.1,55.41,0,0
962329,2.119,1.080,-0.253,-0.270,0.035,0.29318,-0.94659,-0.10636,0.08016,0.050,0.590,0.797,0.684,0.928,1.172,-0.549,-0.183,0.610,-0.439,-0.037,0.466,310.20,100660.7,55.45,0,0
963647,18.228,13.815,6.809,5.938,6.167,0.55246,-0.69015,-0.25241,-0.39492,0.048,0.588,0.802,0.782,1.026,0.830,-0.977,-1.343,0.427,-0.442,-0.036,0.467,310.21,100660.9,55.43,0,0
965042,11.603,1.597,0.515,0.326,0.031,0.29352,-0.94316,-0.15484,0.01266,-0.014,0.544,0.830,0.830,0.977,0.782,-1.038,0.061,0.000,-0.626,-0.059,0.475,310.21,100661.2,55.40,0,0
966392,24.042,10.835,-7.484,-3.981,4.980,0.08425,-0.86368,0.01072,0.49603,-0.011,0.547,0.829,0.684,1.026,0.489,-0.488,-0.916,0.488,-0.627,-0.056,0.477,310.22,100661.3,55.39,0,0
967625,15.255,-0.610,0.859,0.408,0.010,0.29917,-0.94011,-0.16710,-0.00754,-0.008,0.549,0.831,0.733,1.026,0.782,-0.732,-1.465,0.610,-0.622,-0.056,0.475,310.21,100661.5,55.38,0,0
969020,23.284,11.107,-8.994,-0.663,6.143,0.29165,-0.75323,0.05951,0.58710,0.029,0.588,0.802,0.586,0.879,0.782,-0.244,-0.305,0.610,-0.505,-0.044,0.471,310.22,100661.7,55.36,0,0
970445,10.482,-1.633,-0.015,-0.121,-0.009,0.29989,-0.93995,-0.14789,0.05849,0.024,0.589,0.800,0.830,0.684,0.782,-0.671,-0.732,0.427,-0.504,-0.046,0.470,310.23,100661.5,55.38,0,0
971748,16.444,5.086,6.909,0.836,3.881,0.23729,-0.84596,-0.30960,-0.36266,-0.028,0.539,0.752,0.635,1.172,1.221,-10.620,-12.512,3.784,-0.542,-0.044,0.463,310.24,100661.0,55.42,0,0
973103,8.269,-1.971,-3.615,-0.530,0.732,0.31122,-0.90702,-0.11673,0.26078,0.029,0.597,0.793,0.733,1.026,0.635,-0.854,0.366,-0.122,-0.503,-0.042,0.461,310.18,100661.5,55.38,0,0
974378,4.677,-1.455,5.777,0.737,1.962,0.26999,-0.89228,-0.27709,-0.23011,0.030,0.596,0.792,0.195,1.026,0.733,-0.732,-0.977,0.488,-0.504,-0.041,0.463,310.16,100661.2,55.40,0,0
975801,-0.136,-0.319,-6.428,-1.041,2.602,0.29496,-0.85622,-0.05944,0.42092,0.032,0.588,0.797,0.537,0.928,1.026,-0.183,-1.038,0.671,-0.502,-0.044,0.463,310.14,100661.3,55.39,0,0
977061,-9.886,-5.837,2.618,-0.157,0.454,0.26513,-0.93176,-0.23955,-0.05364,0.021,0.585,0.791,0.879,1.075,1.075,-3.052,-2.625,2.319,-0.529,-0.046,0.465,310.11,100661.9,55.35,0,0
978519,-4.045,5.910,-8.752,0.168,5.562,0.36908,-0.73843,0.00997,0.56524,0.034,0.601,0.794,0.440,1.319,0.635,-3.052,0.366,0.549,-0.504,-0.040,0.464,310.12,100661.3,55.40,0,0
979884,-15.195,-4.836,-0.144,-0.476,0.053,0.27660,-0.93712,-0.19309,0.08826,0.032,0.583,0.801,0.733,0.879,0.879,-3.967,0.549,-0.366,-0.545,-0.039,0.463,310.18,100661.5,55.38,0,0
981129,-3.040,7.658,1.914,8.758,5.913,0.73479,-0.62342,-0.22455,-0.14515,0.034,0.585,0.809,0.635,1.026,1.026,-5.066,0.854,1.282,-0.542,-0.040,0.461,310.20,100661.2,55.41,0,0
982552,-12.339,-2.825,0.252,1.501,0.007,0.36344,-0.91093,-0.19247,0.04535,0.021,0.588,0.819,0.440,1.172,1.075,-1.404,-0.916,0.916,-0.570,-0.041,0.462,310.16,100661.3,55.39,0,0
983802,-11.285,0.062,-0.920,-5.976,2.138,-0.02727,-0.97460,-0.13850,0.17744,0.026,0.562,0.816,0.440,1.026,0.782,0.854,-0.793,0.061,-0.581,-0.043,0.459,310.17,100661.6,55.37,0,0
984927,-18.389,-3.777,1.012,3.446,0.602,0.45842,-0.86088,-0.22016,-0.01969,0.005,0.596,0.811,0.489,1.124,0.537,-5.310,-0.366,0.671,-0.695,-0.077,0.489,310.17,100661.1,55.41,0,0
986185,-26.539,-3.743,-0.763,-4.483,1.125,0.06967,-0.97408,-0.17094,0.13564,-0.024,0.568,0.821,0.586,0.830,0.586,-1.465,-0.244,0.549,-0.707,-0.071,0.486,310.16,100661.7,55.36,0,0
987535,-25.455,3.512,1.103,7.513,3.846,0.66123,-0.70978,-0.22099,-0.09961,-0.018,0.567,0.811,0.684,0.733,0.830,-0.977,-0.793,0.610,-0.722,-0.078,0.495,310.17,100661.6,55.37,0,0
988875,-33.293,-2.606,-0.003,-0.488,0.066,0.27358,-0.94127,-0.19395,0.05061,-0.035,0.574,0.811,0.489,1.075,0.830,-3.296,-0.427,1.160,-0.708,-0.074,0.491,310.21,100661.6,55.37,0,0
990103,-15.138,13.411,-1.083,9.113,6.682,0.79856,-0.57716,-0.16873,-0.01154,-0.026,0.571,0.813,0.684,1.221,0.782,0.000,-0.977,0.305,-0.724,-0.077,0.496,310.22,100661.2,55.40,0,0
991408,-12.290,5.381,-0.470,3.446,0.710,0.46526,-0.86290,-0.19634,0.04101,-0.017,0.575,0.807,0.635,1.221,0.928,0.183,-0.610,0.366,-0.701,-0.080,0.496,310.23,100661.7,55.36,0,0
992743,-1.963,6.313,0.607,-4.976,1.509,0.02403,-0.97782,-0.19612,0.07766,-0.023,0.564,0.808,0.489,1.124,0.733,-4.150,-3.052,0.854,-0.723,-0.079,0.497,310.22,100661.2,55.41,0,0
994096,15.673,10.659,-0.941,7.399,3.534,0.67650,-0.71165,-0.18606,0.00910,-0.028,0.571,0.814,0.489,0.830,0.879,-0.122,-0.488,0.793,-0.730,-0.080,0.494,310.21,100661.2,55.40,0,0
995491,20.256,1.200,-0.043,-0.221,-0.020,0.28562,-0.93655,-0.19816,0.05658,-0.022,0.574,0.809,0.537,0.928,0.537,-0.610,-0.488,0.427,-0.728,-0.077,0.497,310.20,100660.8,55.44,0,0
996781,47.350,14.274,0.998,9.323,7.217,0.79282,-0.55291,-0.21161,-0.14393,-0.023,0.576,0.811,0.830,0.977,0.977,-0.854,-0.916,0.366,-0.730,-0.080,0.495,310.21,100661.0,55.42,0,0
998039,42.211,-0.887,0.381,3.895,0.792,0.47767,-0.85188,-0.21697,-0.00784,-0.024,0.574,0.807,0.293,1.172,1.026,-0.671,-0.610,0.366,-0.730,-0.078,0.498,310.17,100661.4,55.39,0,0
999229,28.211,-7.116,-0.379,-3.866,0.744,0.10388,-0.97115,-0.18605,0.11245,-0.027,0.573,0.812,0.195,0.977,1.026,-0.854,-0.854,0.366,-0.731,-0.080,0.496,310.17,100661.2,55.40,0,0
1000669,17.811,0.602,0.587,8.489,5.178,0.72907,-0.64177,-0.21692,-0.09663,-0.026,0.572,0.809,0.537,0.830,1.124,-0.793,-1.343,0.549,-0.731,-0.078,0.497,310.19,100661.4,55.39,0,0
1001792,-0.740,-9.140,0.134,2.606,0.331,0.41759,-0.88181,-0.21887,0.01886,-0.027,0.573,0.809,0.293,1.026,0.684,-0.671,-0.793,0.366,-0.730,-0.079,0.496,310.18,100660.9,55.43,0,0
1003397,-13.741,-4.878,-0.393,-6.379,2.461,-0.04655,-0.97402,-0.17138,0.14499,-0.027,0.573,0.809,0.782,0.928,0.830,-0.854,-0.610,0.610,-0.732,-0.078,0.497,310.19,100661.5,55.38,0,0
1004722,-13.506,-4.061,0.325,6.006,2.115,0.58509,-0.77980,-0.21759,-0.03636,-0.024,0.568,0.814,0.391,1.075,0.537,-0.610,-0.549,0.549,-0.732,-0.080,0.496,310.19,100661.3,55.39,0,0
1005845,-12.284,-8.591,-0.125,-1.124,0.085,0.24277,-0.94670,-0.20026,0.07308,-0.022,0.574,0.808,0.391,1.026,0.733,-0.671,-0.671,0.488,-0.732,-0.078,0.497,310.18,100661.3,55.40,0,0
1007375,19.761,11.311,1.222,9.551,8.768,0.82595,-0.49076,-0.21269,-0.17934,-0.026,0.576,0.812,0.537,0.830,0.782,-0.244,-0.732,0.488,-0.731,-0.078,0.496,310.18,100661.4,55.39,0,0
1008695,55.395,-7.186,0.542,4.797,1.131,0.51895,-0.82475,-0.22539,-0.02877,-0.028,0.574,0.808,0.684,0.733,0.879,-0.305,-0.732,0.366,-0.732,-0.077,0.498,310.19,100661.4,55.39,0,0
1009763,205.330,-46.652,-0.358,-2.350,-0.104,0.18350,-0.95830,-0.19644,0.09748,-0.026,0.571,0.805,0.733,1.172,0.977,-0.427,-0.793,0.610,-0.733,-0.079,0.496,310.20,100660.8,55.44,0,0
1011158,-911.491,389.519,0.910,9.020,8.078,0.76799,-0.58983,-0.21631,-0.12550,-0.021,0.583,0.805,0.635,0.928,1.075,0.610,-0.366,0.610,-0.730,-0.082,0.501,310.20,100660.3,55.48,0,0
1012416,-127.213,139.642,0.230,3.150,1.093,0.44419,-0.86988,-0.21676,0.00968,-0.023,0.579,0.809,0.635,1.026,0.928,-0.366,-0.488,0.549,-0.733,-0.086,0.502,310.21,100660.8,55.44,0,0
1013766,66.804,137.912,-0.381,-5.188,1.681,0.03129,-0.97547,-0.17864,0.12913,-0.025,0.578,0.811,0.586,0.782,0.879,-0.793,-0.671,0.427,-0.733,-0.084,0.503,310.19,100660.0,55.50,0,0
1015046,217.413,125.383,0.346,6.701,2.644,0.62709,-0.74597,-0.21736,-0.04471,-0.021,0.581,0.805,0.635,0.928,1.270,-0.549,-0.549,0.488,-0.737,-0.086,0.501,310.21,100661.0,55.42,0,0
1016259,199.418,64.471,-0.056,-0.567,-0.200,0.27033,-0.93883,-0.20652,0.06377,-0.025,0.578,0.811,0.391,0.830,0.879,-0.671,-0.610,0.305,-0.738,-0.083,0.502,310.21,100660.4,55.47,0,0
1017534,128.456,39.144,-0.002,9.200,6.713,0.79507,-0.56604,-0.20000,-0.07851,-0.021,0.578,0.804,0.440,1.124,0.684,-0.732,-0.610,0.488,-0.738,-0.085,0.501,310.22,100660.8,55.44,0,0
1018959,60.396,11.772,-0.097,2.875,0.431,0.43491,-0.87397,-0.21764,0.02762,-0.026,0.575,0.804,0.489,0.733,0.830,-0.793,-0.793,0.549,-0.738,-0.083,0.503,310.22,100660.8,55.44,0,0
1020430,27.308,7.016,0.040,-5.707,1.784,-0.00376,-0.97615,-0.18524,0.11855,-0.022,0.581,0.808,0.440,1.319,0.635,-0.488,-0.549,0.366,-0.735,-0.086,0.503,310.23,100660.1,55.49,0,0
1021645,8.700,4.403,-0.004,5.773,1.909,0.58166,-0.78325,-0.21731,-0.01443,-0.024,0.580,0.806,0.733,1.221,0.879,-0.610,-0.122,0.305,-0.739,-0.089,0.507,310.23,100660.5,55.46,0,0
1022905,-8.734,-0.499,-0.081,-1.936,0.220,0.20511,-0.95455,-0.20354,0.08125,-0.024,0.580,0.806,0.635,0.684,1.075,-0.671,-0.732,0.610,-0.753,-0.094,0.509,310.25,100660.8,55.44,0,0
1024088,-8.627,8.233,0.680,8.130,4.517,0.70322,-0.66830,-0.22116,-0.09465,-0.033,0.579,0.807,0.489,0.977,0.782,-1.587,-0.610,0.549,-0.756,-0.091,0.507,310.25,100660.3,55.48,0,0
1025413,-17.561,1.315,0.037,0.971,0.038,0.34116,-0.91547,-0.21210,0.04221,-0.026,0.578,0.815,0.537,1.124,0.635,-0.793,-0.549,0.549,-0.756,-0.084,0.501,310.26,100660.3,55.48,0,0
1026688,-13.531,6.457,0.554,-6.503,2.559,-0.06404,-0.97518,-0.19243,0.09481,-0.039,0.573,0.810,0.440,0.928,0.733,0.305,-0.977,0.122,-0.760,-0.087,0.503,310.26,100660.4,55.47,0,0
1028096,-6.409,9.240,-0.345,6.713,2.896,0.63115,-0.74273,-0.22068,-0.01819,-0.033,0.563,0.810,0.440,1.172,0.928,-0.488,0.977,-0.793,-0.745,-0.083,0.498,310.27,100660.5,55.46,0,0
1029416,-6.235,2.841,0.020,-0.987,0.001,0.24362,-0.94328,-0.21712,0.06851,-0.022,0.572,0.819,0.586,0.928,1.026,-0.977,-0.488,0.305,-0.759,-0.078,0.501,310.29,100660.7,55.44,0,0
1030651,12.456,15.053,-0.037,8.974,6.034,0.76661,-0.60134,-0.21094,-0.07467,-0.027,0.573,0.814,0.635,0.928,0.977,-0.305,-0.366,0.427,-0.756,-0.082,0.501,310.29,100660.2,55.48,0,0
1031924,9.796,4.520,-0.099,2.839,0.460,0.42774,-0.87514,-0.22695,0.03015,-0.023,0.568,0.811,0.879,0.928,0.635,-0.488,-1.099,0.427,-0.746,-0.076,0.500,310.30,100660.8,55.43,0,0
1033184,7.242,3.230,0.090,-5.055,1.428,0.03026,-0.97412,-0.19733,0.11156,-0.023,0.572,0.811,0.586,0.879,0.733,-0.610,-0.305,0.549,-0.742,-0.078,0.498,310.27,100661.1,55.41,0,0
1034534,6.481,6.547,-0.223,7.378,3.468,0.66441,-0.71371,-0.21818,-0.02736,-0.020,0.571,0.813,0.586,1.172,1.075,-0.610,-0.488,0.427,-0.742,-0.075,0.501,310.28,100660.3,55.48,0,0
1035842,-5.535,-1.452,-0.069,-0.118,0.020,0.28782,-0.93088,-0.21802,0.06509,-0.019,0.571,0.811,0.440,1.221,1.026,-0.732,-0.793,0.488,-0.740,-0.077,0.500,310.29,100660.9,55.43,0,0
1037237,13.378,18.775,2.920,9.173,8.573,0.76396,-0.51442,-0.26485,-0.28401,-0.019,0.573,0.815,0.391,1.026,0.733,-0.610,-0.732,0.244,-0.741,-0.075,0.502,310.30,100661.1,55.41,0,0
1038510,8.887,6.509,1.313,4.259,1.100,0.47701,-0.83980,-0.25359,-0.05516,-0.021,0.568,0.812,0.244,1.026,0.879,-0.610,-0.671,0.488,-0.740,-0.078,0.500,310.32,100660.7,55.45,0,0
1039905,10.016,5.056,-1.404,-4.477,1.212,0.08022,-0.96319,-0.18103,0.18457,-0.020,0.574,0.812,0.684,1.124,0.782,-0.793,-0.549,0.244,-0.741,-0.075,0.502,310.33,100660.8,55.44,0,0
1041365,23.965,12.268,2.445,7.716,4.374,0.64927,-0.68742,-0.26938,-0.18407,-0.020,0.571,0.815,0.342,1.124,1.270,-0.671,-0.671,0.366,-0.741,-0.077,0.499,310.34,100660.6,55.45,0,0
1042533,22.687,1.418,0.335,1.024,0.015,0.33627,-0.91142,-0.23440,0.03423,-0.021,0.568,0.812,0.440,1.124,0.733,-0.732,-0.549,0.305,-0.742,-0.075,0.501,310.33,100660.5,55.46,0,0
1043958,26.254,5.092,-2.260,-6.961,3.366,-0.07206,-0.95161,-0.14326,0.26428,-0.023,0.569,0.811,0.537,1.026,1.026,-0.671,-0.488,0.488,-0.742,-0.077,0.499,310.36,100660.8,55.44,0,0
1045443,23.212,1.093,1.735,5.766,2.065,0.55080,-0.78468,-0.26565,-0.10379,-0.020,0.571,0.816,0.586,1.124,0.684,-0.732,-1.038,0.183,-0.739,-0.076,0.504,310.35,100660.6,55.46,0,0
1046646,14.848,-6.894,-0.651,-1.963,0.153,0.20761,-0.94809,-0.21223,0.11641,-0.026,0.576,0.809,0.440,0.879,0.830,-0.549,-0.671,0.671,-0.740,-0.077,0.501,310.33,100660.9,55.43,0,0
1047861,9.148,-2.188,4.274,6.516,4.080,0.54904,-0.72945,-0.30504,-0.27181,-0.024,0.547,0.819,0.489,1.221,0.830,-8.911,-0.488,0.183,-0.748,-0.072,0.497,310.33,100660.5,55.46,0,0
1049136,-13.243,-10.786,-0.392,-0.603,0.052,0.25570,-0.93503,-0.22884,0.08673,-0.027,0.548,0.828,0.635,0.684,0.635,-0.732,-0.916,0.732,-0.749,-0.059,0.483,310.35,100660.6,55.45,0,0
1050379,-15.419,1.743,2.748,8.497,5.927,0.69069,-0.62683,-0.27973,-0.22878,-0.018,0.567,0.819,0.586,1.172,0.879,-0.732,-0.793,0.549,-0.732,-0.068,0.495,310.37,100660.6,55.45,0,0
1051569,-30.989,-6.312,0.716,2.322,0.371,0.38954,-0.88557,-0.25255,0.00229,-0.020,0.566,0.815,0.391,0.733,1.075,-0.610,-0.732,0.549,-0.733,-0.070,0.494,310.36,100660.5,55.46,0,0
1052994,-35.951,-1.189,-1.711,-6.147,2.483,-0.02726,-0.95887,-0.17028,0.22784,-0.017,0.556,0.821,0.830,1.026,0.684,-0.854,-0.305,0.488,-0.733,-0.069,0.495,310.40,100660.9,55.43,0,0
1054297,-38.487,-0.425,1.413,5.295,1.824,0.52754,-0.80329,-0.26495,-0.08021,-0.019,0.561,0.817,0.440,0.977,0.635,-1.038,-0.977,0.610,-0.733,-0.071,0.493,310.40,100660.6,55.45,0,0
1055497,-41.936,-2.370,-0.774,-2.510,0.437,0.17406,-0.95205,-0.21540,0.13246,-0.022,0.564,0.817,0.537,0.977,1.075,-0.427,-1.343,0.732,-0.733,-0.069,0.495,310.38,100659.9,55.52,0,0
1056927,-25.340,12.299,2.375,8.629,6.073,0.70326,-0.61836,-0.27979,-0.21293,-0.019,0.567,0.819,0.489,1.172,0.977,-0.427,-1.099,0.305,-0.735,-0.071,0.494,310.38,100660.3,55.48,0,0
1058260,-24.854,2.670,0.503,1.779,0.203,0.36409,-0.89533,-0.25764,0.02120,-0.021,0.565,0.820,0.586,0.879,0.635,-0.854,-0.916,0.244,-0.736,-0.070,0.496,310.38,100660.6,55.45,0,0
1059505,-12.649,6.191,-1.865,-6.145,2.418,-0.01576,-0.95426,-0.17761,0.24202,-0.020,0.569,0.818,0.684,0.977,0.977,-0.671,-0.793,0.305,-0.737,-0.072,0.494,310.41,100660.7,55.45,0,0
1060750,-7.860,3.410,1.458,4.929,1.514,0.50676,-0.81220,-0.27936,-0.07633,-0.022,0.566,0.819,0.635,0.879,0.782,-0.427,-0.671,0.183,-0.737,-0.070,0.496,310.40,100660.7,55.45,0,0
1062163,-10.611,0.071,-1.225,-3.939,0.863,0.10876,-0.95695,-0.20562,0.17668,-0.021,0.575,0.821,0.537,0.782,0.684,-0.854,-0.488,0.671,-0.737,-0.072,0.494,310.42,100660.6,55.45,0,0
1063468,-5.628,5.714,2.283,7.258,3.711,0.61536,-0.71667,-0.28508,-0.16424,-0.017,0.564,0.820,0.440,0.830,0.782,-0.427,-0.610,0.427,-0.734,-0.070,0.496,310.46,100660.4,55.47,0,0
1064788,-14.114,-1.527,-0.167,-0.643,0.097,0.25939,-0.93263,-0.23850,0.08415,-0.020,0.563,0.812,0.489,1.270,0.977,-0.854,-0.610,0.244,-0.734,-0.073,0.494,310.45,100660.4,55.47,0,0
1066076,1.489,13.793,2.122,8.927,6.692,0.73389,-0.58665,-0.27027,-0.21111,-0.021,0.568,0.813,0.489,0.928,0.928,-0.305,-0.488,0.732,-0.734,-0.070,0.497,310.47,100660.7,55.44,0,0
1067371,-0.058,4.148,0.698,2.683,0.351,0.40966,-0.87694,-0.25287,0.00145,-0.017,0.579,0.816,0.489,1.124,0.733,-0.977,-0.610,0.244,-0.731,-0.074,0.495,310.46,100660.6,55.45,0,0
1068674,9.952,6.704,-1.467,-5.545,1.842,0.01843,-0.96165,-0.17995,0.20930,-0.015,0.573,0.815,0.635,0.830,0.977,-0.549,-0.610,0.427,-0.732,-0.072,0.498,310.50,100660.8,55.44,0,0
1070174,32.648,12.534,1.982,7.327,3.699,0.63011,-0.71148,-0.27391,-0.14909,-0.020,0.571,0.814,0.684,0.830,0.635,-0.916,-0.732,0.427,-0.732,-0.073,0.496,310.48,100660.9,55.43,0,0
1071539,59.641,2.891,-0.208,-0.634,-0.137,0.26255,-0.93409,-0.22922,0.08536,-0.016,0.571,0.815,0.977,0.830,0.977,-0.610,-0.549,0.549,-0.731,-0.071,0.497,310.47,100659.8,55.52,0,0
1072847,144.124,11.213,2.690,8.824,6.572,0.72425,-0.58444,-0.27514,-0.24211,-0.019,0.572,0.811,0.928,0.928,0.830,-0.427,-0.488,0.549,-0.733,-0.073,0.497,310.52,100660.4,55.47,0,0
1074092,289.965,-29.361,0.910,2.967,-0.037,0.42021,-0.87075,-0.25524,-0.01495,-0.020,0.571,0.812,0.684,1.075,0.977,-0.671,-0.671,0.244,-0.736,-0.071,0.498,310.50,100660.6,55.45,0,0
1075337,786.770,-198.941,-1.507,-4.998,-0.084,0.04742,-0.96089,-0.18766,0.20080,-0.022,0.564,0.817,0.733,1.075,0.782,-0.183,-1.221,0.671,-0.734,-0.072,0.496,310.51,100660.4,55.47,0,0
1076610,-2918.142,1857.930,1.746,6.216,10.724,0.56996,-0.76712,-0.27363,-0.10995,-0.017,0.573,0.818,0.537,1.026,0.830,-0.977,-0.854,0.610,-0.736,-0.071,0.498,310.47,100660.3,55.48,0,0
1077905,-20.053,700.778,-0.512,-1.906,1.714,0.20359,-0.94691,-0.22281,0.11568,-0.018,0.570,0.816,0.684,1.075,1.270,-0.732,-0.549,0.244,-0.735,-0.073,0.497,310.48,100660.3,55.48,0,0
1079255,937.248,712.888,2.562,8.495,5.953,0.69602,-0.62423,-0.27777,-0.22195,-0.023,0.566,0.814,0.733,1.221,0.830,-0.854,-0.549,0.549,-0.736,-0.071,0.498,310.52,100660.3,55.48,0,0
1080511,1049.219,403.225,0.593,2.073,-0.761,0.38117,-0.88994,-0.25083,0.01206,-0.021,0.571,0.815,0.537,0.879,0.782,-0.366,-0.671,0.427,-0.734,-0.073,0.497,310.52,100659.7,55.53,0,0
1081816,612.267,150.149,-1.688,-6.013,1.634,-0.01092,-0.95953,-0.17298,0.22486,-0.021,0.568,0.814,0.586,0.977,0.879,-0.793,-0.671,0.610,-0.734,-0.071,0.498,310.52,100660.2,55.49,0,0
1083321,336.719,56.251,1.857,6.963,2.849,0.61125,-0.73102,-0.27289,-0.13414,-0.020,0.570,0.814,0.537,1.026,0.391,-0.793,-0.916,0.488,-0.734,-0.073,0.498,310.52,100660.3,55.48,0,0
1084714,178.768,11.214,-0.379,-1.312,-0.303,0.23108,-0.94154,-0.22602,0.10131,-0.018,0.569,0.815,0.489,0.830,0.977,-0.671,-0.732,0.488,-0.734,-0.071,0.498,310.52,100660.1,55.49,0,0
1085959,105.148,8.353,2.311,8.433,5.361,0.69561,-0.63514,-0.27117,-0.19894,-0.020,0.571,0.812,0.830,1.075,1.026,-0.366,-0.549,0.793,-0.734,-0.073,0.496,310.47,100660.1,55.50,0,0
1087444,44.017,-6.861,0.179,0.709,-0.021,0.32252,-0.91482,-0.24016,0.04922,-0.020,0.570,0.812,0.635,0.830,0.830,-0.732,-0.977,0.366,-0.734,-0.071,0.497,310.46,100659.6,55.53,0,0
1088707,22.567,-3.068,-1.721,-6.958,3.067,-0.07247,-0.95434,-0.16248,0.24233,-0.021,0.571,0.813,0.489,0.928,0.830,-0.244,-0.732,0.366,-0.734,-0.073,0.495,310.49,100660.0,55.51,0,0
1090162,1.375,-4.379,1.370,5.906,2.166,0.56040,-0.78013,-0.26522,-0.08572,-0.016,0.568,0.817,0.537,0.830,0.879,-0.610,-0.854,0.549,-0.735,-0.071,0.497,310.45,100659.7,55.53,0,0
1091572,-16.782,-8.881,-0.678,-2.763,0.409,0.16296,-0.95481,-0.21310,0.13177,-0.020,0.571,0.814,0.342,1.124,0.879,-0.549,-0.610,0.488,-0.733,-0.072,0.495,310.47,100659.5,55.54,0,0
1092890,-14.555,1.736,1.916,8.210,4.937,0.68238,-0.65896,-0.26982,-0.16650,-0.017,0.571,0.815,0.684,1.319,0.782,-0.671,-0.610,0.366,-0.734,-0.070,0.496,310.46,100659.3,55.56,0,0
1094335,-29.769,-7.018,0.068,0.366,0.030,0.30688,-0.92016,-0.23783,0.05987,-0.017,0.571,0.815,0.635,1.270,0.879,-0.671,-0.549,0.427,-0.734,-0.073,0.497,310.49,100659.6,55.54,0,0
1095713,-25.130,2.910,-1.627,-7.867,4.272,-0.14280,-0.94573,-0.14919,0.25347,-0.020,0.574,0.813,0.293,0.977,1.026,-0.977,-0.549,0.549,-0.735,-0.071,0.498,310.49,100659.3,55.56,0,0
1097258,-29.385,0.672,1.102,5.645,1.987,0.55383,-0.78818,-0.25941,-0.07061,-0.023,0.572,0.814,0.195,1.172,1.026,-0.549,-0.793,0.366,-0.735,-0.073,0.496,310.51,100659.2,55.57,0,0
1098683,-35.040,-2.644,-0.655,-3.079,0.581,0.14655,-0.95708,-0.21116,0.13787,-0.014,0.572,0.811,0.391,1.075,0.977,-0.732,-1.099,0.183,-0.734,-0.071,0.497,310.50,100659.6,55.54,0,0
1100006,-25.005,7.681,1.673,8.110,4.761,0.67899,-0.66633,-0.27018,-0.14950,-0.015,0.570,0.813,0.489,1.026,1.026,-0.610,-0.854,0.244,-0.734,-0.073,0.496,310.49,100659.3,55.56,0,0
1101356,-31.462,-0.283,0.130,0.577,0.099,0.31633,-0.91600,-0.24315,0.05524,-0.017,0.569,0.812,0.733,0.977,1.026,-0.916,-0.549,0.366,-0.740,-0.073,0.499,310.48,100659.8,55.52,0,0
1102841,-18.947,10.514,-2.495,-7.692,4.419,-0.12988,-0.93545,-0.12960,0.30376,-0.005,0.568,0.814,0.635,0.928,0.879,-1.770,0.916,-0.061,-0.745,-0.076,0.499,310.43,100659.2,55.57,0,0
1104099,-19.211,3.691,0.783,2.686,0.503,0.41485,-0.87592,-0.24605,-0.01367,-0.023,0.565,0.813,0.342,0.879,0.830,-0.183,-0.977,0.732,-0.753,-0.076,0.502,310.42,100659.4,55.55,0,0
1105679,-6.845,8.875,-1.807,-6.380,2.644,-0.04363,-0.95915,-0.16007,0.23188,-0.015,0.555,0.826,0.586,0.635,1.124,-1.770,-1.587,1.160,-0.783,-0.069,0.490,310.47,100659.2,55.57,0,0
1107104,13.480,9.215,1.903,5.870,2.259,0.54996,-0.78519,-0.25655,-0.12497,-0.034,0.549,0.824,0.440,1.172,0.977,-1.160,-0.549,0.732,-0.805,-0.069,0.494,310.49,100660.0,55.51,0,0
1108227,36.764,1.352,-0.597,-1.402,-0.092,0.22998,-0.94508,-0.20791,0.10239,-0.025,0.573,0.826,0.391,0.782,1.124,-0.305,-1.404,0.549,-0.807,-0.073,0.494,310.48,100659.7,55.53,0,0
1109607,84.731,8.148,4.284,8.011,6.271,0.64518,-0.62943,-0.29027,-0.32181,-0.028,0.556,0.825,0.391,1.319,0.684,-1.282,-0.549,0.122,-0.801,-0.070,0.496,310.47,100660.0,55.50,0,0
1111022,117.058,-18.448,0.722,1.143,-0.163,0.33080,-0.91489,-0.23314,0.00705,-0.029,0.554,0.823,0.293,0.782,1.124,-1.160,-0.061,0.305,-0.805,-0.072,0.494,310.47,100659.6,55.53,0,0
1112175,155.723,-41.857,-3.358,-5.792,2.283,0.00610,-0.94661,-0.13450,0.29216,-0.037,0.553,0.822,0.391,1.124,0.782,-0.977,-0.244,0.183,-0.812,-0.070,0.495,310.47,100659.6,55.54,0,0
1113465,111.109,-78.604,2.540,4.305,1.148,0.46505,-0.83522,-0.26441,-0.12952,-0.028,0.556,0.824,0.586,0.977,0.733,-0.854,-0.488,0.488,-0.810,-0.073,0.494,310.46,100659.6,55.54,0,0
1114950,-24.914,-96.075,-2.652,-4.307,1.124,0.09649,-0.95518,-0.15486,0.23574,-0.025,0.569,0.827,0.684,1.172,0.733,-0.671,-0.732,0.610,-0.808,-0.072,0.496,310.46,100659.6,55.54,0,0
1116213,-138.628,-91.870,3.555,5.354,2.441,0.50551,-0.79325,-0.27439,-0.20109,-0.030,0.560,0.825,0.782,1.026,0.830,-0.916,-0.183,0.427,-0.812,-0.074,0.496,310.47,100659.4,55.55,0,0
1117563,-297.933,-97.879,-1.542,-2.427,0.746,0.18142,-0.95455,-0.18141,0.15369,-0.032,0.554,0.821,0.489,0.830,0.977,-0.793,-0.305,0.427,-0.817,-0.072,0.497,310.46,100659.7,55.53,0,0
1118928,-1149.877,-190.694,4.646,7.126,6.664,0.59256,-0.68892,-0.27858,-0.31162,-0.034,0.558,0.825,0.537,0.928,0.928,-0.061,0.488,0.427,-0.809,-0.074,0.495,310.46,100659.5,55.54,0,0
1120156,318.699,14.685,0.915,0.719,-0.630,0.31161,-0.92841,-0.20004,0.00825,-0.002,0.567,0.833,0.733,0.879,1.172,-2.380,0.732,-0.427,-0.803,-0.069,0.495,310.50,100659.6,55.54,0,0
1121511,77.797,-1.815,-6.596,-5.106,4.459,0.04256,-0.88192,-0.03095,0.46838,-0.002,0.567,0.829,0.684,0.635,0.977,-2.380,-2.075,1.465,-0.802,-0.072,0.494,310.46,100659.3,55.56,0,0
1122904,4.826,-12.331,2.264,1.655,0.402,0.34864,-0.90666,-0.22324,-0.08875,-0.028,0.558,0.822,0.489,1.026,0.635,-0.488,-0.854,0.610,-0.812,-0.071,0.496,310.47,100659.3,55.56,0,0
1124254,-19.262,-6.265,-5.649,-4.175,3.070,0.10377,-0.91501,-0.06677,0.38314,-0.030,0.556,0.820,0.440,1.124,1.026,-0.549,-0.732,0.488,-0.811,-0.073,0.495,310.46,100659.6,55.54,0,0
1125739,-36.914,-6.481,4.310,3.153,1.700,0.39656,-0.85573,-0.25714,-0.21270,-0.028,0.559,0.820,0.440,0.928,0.733,-0.610,-0.916,0.427,-0.812,-0.070,0.497,310.46,100659.6,55.54,0,0
1127017,-45.732,-6.000,-3.833,-2.656,1.283,0.18558,-0.93964,-0.11689,0.26051,-0.035,0.556,0.821,0.489,0.879,0.635,0.305,-1.465,1.465,-0.812,-0.073,0.495,310.47,100659.2,55.57,0,0
1128352,-47.690,-1.091,5.441,3.681,2.670,0.40530,-0.82461,-0.27307,-0.28648,-0.032,0.556,0.824,0.684,0.977,0.537,-0.549,-0.916,0.610,-0.815,-0.071,0.495,310.44,100659.8,55.52,0,0
1129777,-51.822,-1.584,-3.881,-2.347,1.252,0.20225,-0.93592,-0.11902,0.26184,-0.033,0.556,0.822,0.293,1.172,0.586,0.488,-3.052,2.380,-0.814,-0.072,0.493,310.45,100659.8,55.52,0,0
1131110,-47.186,3.569,5.693,3.271,2.656,0.37936,-0.82977,-0.28187,-0.29769,-0.041,0.557,0.824,0.684,0.928,1.075,-0.916,-0.488,0.122,-0.813,-0.070,0.494,310.46,100659.5,55.54,0,0
1132510,-45.593,2.492,-3.931,-2.164,1.152,0.21640,-0.93163,-0.12286,0.26263,-0.033,0.564,0.824,0.391,0.830,0.879,0.061,-2.075,1.221,-0.809,-0.072,0.494,310.46,100659.1,55.58,0,0
1133995,-32.856,9.522,6.384,3.279,3.397,0.36734,-0.81268,-0.29433,-0.34222,-0.033,0.551,0.818,0.244,0.733,0.879,-0.610,-0.671,0.305,-0.818,-0.072,0.496,310.42,100659.2,55.57,0,0
1135148,-32.878,3.701,-1.154,-0.818,0.354,0.24785,-0.94751,-0.17143,0.10479,-0.039,0.524,0.821,0.537,0.879,0.733,-1.404,2.563,-0.488,-0.818,-0.073,0.492,310.38,100659.3,55.56,0,0
1136513,-13.708,17.745,6.045,6.822,6.431,0.58022,-0.65301,-0.27817,-0.40104,-0.028,0.573,0.816,0.782,1.026,0.537,-0.854,2.197,-0.305,-0.776,-0.087,0.510,310.32,100659.8,55.52,0,0
1137823,-13.184,7.830,1.079,1.224,0.213,0.34077,-0.91849,-0.19804,-0.01726,-0.024,0.563,0.815,0.782,0.879,0.684,-0.244,-0.488,0.183,-0.757,-0.079,0.497,310.30,100659.2,55.57,0,0
1139036,0.817,13.409,-4.566,-5.083,2.836,0.05332,-0.93876,-0.08152,0.33055,-0.032,0.567,0.816,0.342,0.733,0.733,0.366,-1.465,0.854,-0.784,-0.085,0.510,310.33,100659.8,55.52,0,0
1140326,12.785,11.482,3.039,3.078,1.039,0.42687,-0.85510,-0.25505,-0.14862,-0.057,0.596,0.796,0.733,1.026,0.830,-2.808,-1.099,0.183,-0.766,-0.132,0.551,310.31,100659.0,55.58,0,0
1141736,37.583,13.867,-3.432,-3.984,1.687,0.11510,-0.94763,-0.13734,0.26606,-0.041,0.553,0.809,0.782,1.270,0.782,-0.061,-1.343,0.244,-0.749,-0.106,0.539,310.32,100659.4,55.55,0,0
1143102,92.816,17.731,4.140,5.066,2.607,0.48905,-0.78989,-0.28324,-0.23978,-0.041,0.553,0.809,0.684,1.026,0.782,0.000,-1.343,0.244,-0.740,-0.107,0.538,310.35,100659.1,55.58,0,0
1144452,238.173,10.496,-1.914,-2.274,0.018,0.20424,-0.94852,-0.16942,0.17256,-0.027,0.577,0.812,0.293,0.928,0.635,-0.732,-0.732,0.366,-0.738,-0.106,0.540,310.33,100659.2,55.57,0,0
1145802,25325.072,-995.374,5.301,6.214,-44.460,0.53973,-0.71933,-0.29616,-0.32360,-0.025,0.575,0.810,0.635,1.026,0.440,-0.610,-0.549,0.488,-0.739,-0.107,0.539,310.32,100659.7,55.53,0,0
1146970,-325.262,44.086,0.512,-0.044,0.717,0.28836,-0.93371,-0.20700,0.03079,-0.022,0.573,0.811,0.342,0.684,0.879,-3.113,-0.366,-0.366,-0.741,-0.103,0.538,310.31,100658.8,55.61,0,0
1148415,-120.174,60.062,-9.302,1.243,7.684,0.43252,-0.67635,0.02016,0.59605,-0.025,0.569,0.814,0.830,0.928,0.489,-0.366,-0.549,0.366,-0.745,-0.106,0.536,310.33,100659.1,55.58,0,0
1149793,-44.117,50.984,-2.241,0.134,0.534,0.32468,-0.91663,-0.17350,0.15386,-0.029,0.569,0.810,0.391,0.635,1.172,-0.732,-0.549,0.427,-0.743,-0.103,0.537,310.31,100659.1,55.58,0,0
1151083,28.922,57.489,6.844,-0.254,2.879,0.18307,-0.88047,-0.31238,-0.30552,-0.033,0.580,0.810,0.391,0.928,0.586,-1.160,-0.732,-0.061,-0.746,-0.106,0.537,310.33,100659.2,55.57,0,0
1152433,92.241,52.727,-5.297,0.118,1.520,0.35575,-0.87058,-0.12233,0.31890,-0.028,0.579,0.814,0.684,1.026,0.879,0.427,-0.793,0.183,-0.729,-0.105,0.536,310.31,100658.7,55.61,0,0
1153681,128.594,41.357,4.484,-0.747,1.048,0.19649,-0.92963,-0.25612,-0.17750,-0.029,0.554,0.819,0.537,0.928,0.782,-4.456,5.798,0.061,-0.715,-0.100,0.531,310.33,100659.6,55.54,0,0
1155046,139.312,32.392,-7.100,1.122,3.192,0.39384,-0.82528,-0.04280,0.40371,-0.039,0.545,0.822,0.440,0.830,0.928,-1.892,1.343,0.854,-0.750,-0.100,0.528,310.31,100658.6,55.62,0,0
1156336,112.535,12.197,1.433,0.062,-0.124,0.28510,-0.93591,-0.20201,-0.03035,-0.026,0.572,0.818,0.635,1.075,0.537,2.686,-2.808,0.732,-0.733,-0.104,0.532,310.31,100658.8,55.60,0,0
1157654,92.179,13.983,-8.536,-0.814,5.180,0.29539,-0.79422,0.00185,0.53060,-0.036,0.555,0.818,0.537,0.830,0.977,0.916,-0.793,0.916,-0.760,-0.102,0.531,310.31,100659.0,55.59,0,0
1159039,55.704,-1.361,0.828,-0.058,-0.053,0.28468,-0.93712,-0.19866,-0.00028,-0.028,0.568,0.816,0.684,1.075,0.977,-0.732,-0.732,0.427,-0.755,-0.108,0.534,310.31,100658.6,55.62,0,0
1160434,51.810,10.819,-9.127,0.681,6.490,0.39191,-0.72025,0.02040,0.57259,-0.031,0.570,0.813,0.391,1.221,0.830,-0.793,-0.610,0.183,-0.763,-0.109,0.538,310.31,100659.1,55.58,0,0
1161737,30.215,-2.983,-1.689,0.003,0.100,0.31391,-0.92605,-0.16578,0.12319,-0.029,0.572,0.810,0.586,1.075,0.684,-0.366,-0.854,0.610,-0.762,-0.110,0.536,310.31,100659.0,55.58,0,0
1163117,24.228,2.072,7.537,0.008,3.531,0.18739,-0.86025,-0.30426,-0.36385,-0.033,0.575,0.812,0.537,0.928,1.026,-0.305,-0.793,0.427,-0.763,-0.109,0.539,310.30,100658.9,55.60,0,0
1164562,12.042,-2.923,-4.931,-0.306,1.375,0.32297,-0.89320,-0.10293,0.29746,-0.031,0.569,0.812,0.782,0.733,0.635,-0.916,-1.160,0.427,-0.762,-0.111,0.537,310.29,100658.8,55.60,0,0
1165850,3.609,-5.515,4.741,0.166,1.216,0.24636,-0.91020,-0.26510,-0.19828,-0.033,0.570,0.812,0.537,0.879,0.782,-0.671,-1.099,0.610,-0.761,-0.109,0.539,310.29,100658.7,55.61,0,0
1167260,-2.464,-1.979,-7.265,-0.442,3.324,0.32959,-0.83729,-0.05132,0.43407,-0.033,0.573,0.812,0.684,0.782,0.977,-0.610,-1.099,0.427,-0.762,-0.111,0.537,310.29,100658.5,55.63,0,0
1168565,-19.249,-9.425,2.144,-0.077,0.245,0.26942,-0.93175,-0.23295,-0.06084,-0.033,0.571,0.813,0.586,1.075,1.075,-0.977,-1.221,0.732,-0.762,-0.110,0.539,310.30,100658.0,55.67,0,0
1169828,-22.220,-0.532,-8.199,0.006,4.622,0.35729,-0.79092,-0.02818,0.49719,-0.030,0.569,0.812,0.440,0.928,1.026,-0.488,-0.977,0.671,-0.762,-0.112,0.537,310.32,100658.4,55.64,0,0
1171148,-39.592,-8.060,0.642,-0.124,0.079,0.28498,-0.93315,-0.21591,0.01434,-0.034,0.573,0.812,0.586,1.026,0.928,-0.671,-0.732,0.366,-0.763,-0.111,0.540,310.30,100658.5,55.63,0,0
1172468,-32.186,7.219,-8.947,0.860,6.250,0.41030,-0.72420,-0.00107,0.55533,-0.030,0.569,0.811,0.733,1.075,0.879,-1.099,-0.061,0.244,-0.760,-0.111,0.538,310.29,100657.7,55.70,0,0
1173696,-41.066,-1.390,-1.823,-0.049,0.239,0.31390,-0.92166,-0.18044,0.13497,-0.030,0.575,0.812,0.244,0.928,0.830,-1.221,-0.488,0.549,-0.759,-0.110,0.540,310.31,100657.6,55.70,0,0
1175141,-32.653,7.746,7.637,-0.205,3.802,0.16421,-0.86119,-0.31707,-0.36306,-0.029,0.571,0.813,0.537,1.075,0.830,-1.343,-0.427,0.488,-0.760,-0.111,0.538,310.31,100658.2,55.65,0,0
1176549,-29.747,4.966,-4.626,-0.039,1.280,0.33798,-0.89058,-0.11950,0.28202,-0.029,0.572,0.812,0.684,0.684,0.782,-0.793,-0.671,0.488,-0.764,-0.111,0.540,310.29,100658.2,55.65,0,0
1177824,-22.298,5.510,4.843,-0.061,1.373,0.23224,-0.91187,-0.27219,-0.19862,-0.032,0.571,0.810,0.391,0.879,0.733,-0.549,-0.183,0.427,-0.761,-0.112,0.538,310.30,100657.9,55.68,0,0
1179204,-8.137,10.189,-7.092,-0.025,3.191,0.35248,-0.83470,-0.05793,0.42061,-0.031,0.573,0.810,0.782,0.879,0.830,-0.610,-0.488,0.549,-0.763,-0.111,0.541,310.30,100657.6,55.70,0,0
1180482,-4.392,3.351,2.033,-0.176,0.220,0.26461,-0.93546,-0.22500,-0.05547,-0.031,0.568,0.816,0.537,1.075,0.928,-0.549,-0.488,0.916,-0.762,-0.111,0.539,310.34,100658.7,55.62,0,0
1181832,13.506,13.267,-8.624,0.700,5.357,0.39359,-0.75722,-0.00656,0.52240,-0.029,0.571,0.814,0.391,1.075,0.244,-0.488,-0.427,0.549,-0.763,-0.111,0.541,310.35,100658.7,55.61,0,0
1183077,9.011,1.432,-0.853,-0.043,-0.028,0.30374,-0.93076,-0.18245,0.08302,-0.031,0.575,0.817,0.489,1.124,0.830,-0.488,-0.610,0.427,-0.760,-0.112,0.538,310.34,100657.9,55.68,0,0
1184470,15.900,8.903,8.186,0.436,4.432,0.19551,-0.83264,-0.31435,-0.41225,-0.025,0.580,0.813,0.195,0.879,0.586,-2.625,-0.732,0.793,-0.759,-0.110,0.540,310.35,100658.2,55.66,0,0
1185810,8.656,0.453,-3.072,-0.202,0.555,0.31566,-0.91787,-0.13564,0.20195,-0.028,0.569,0.809,0.489,0.879,0.782,-0.244,-0.244,0.610,-0.765,-0.112,0.539,310.34,100658.3,55.65,0,0
1187160,12.288,4.902,7.227,-0.359,3.155,0.18046,-0.87733,-0.28442,-0.34133,-0.028,0.575,0.818,0.586,0.830,0.928,-5.676,2.991,-0.061,-0.769,-0.107,0.541,310.35,100658.2,55.65,0,0
1188478,9.474,0.406,-4.447,0.013,1.078,0.32967,-0.90161,-0.10115,0.26357,-0.031,0.564,0.819,0.293,1.172,0.489,-0.671,-0.671,0.427,-0.784,-0.107,0.536,310.37,100658.3,55.65,0,0
1189888,11.065,1.133,5.699,-0.266,1.907,0.20494,-0.90524,-0.26360,-0.26174,-0.044,0.552,0.820,0.537,0.586,0.782,-1.099,-0.610,0.366,-0.773,-0.095,0.525,310.37,100657.7,55.69,0,0
1191288,40.283,17.548,4.902,8.983,8.088,-0.13174,-0.92221,-0.31085,0.19182,0.916,-0.422,-0.333,1.514,-0.391,-0.293,-0.793,-6.165,-0.427,0.119,0.240,-0.044,310.26,100657.1,55.75,0,0
1192486,91.836,34.445,-3.181,7.772,13.204,0.49724,-0.27922,-0.72476,-0.38727,0.482,0.274,0.754,1.368,0.684,1.026,5.249,153.748,-109.009,0.095,0.090,0.426,310.22,100657.8,55.69,0,0
1193851,109.616,10.055,-0.552,2.905,0.505,0.10699,-0.49353,-0.85029,0.14879,0.247,0.430,0.850,0.928,0.830,0.782,-0.366,0.305,0.549,0.027,0.131,0.494,310.20,100657.6,55.70,0,0
1195156,135.898,8.839,1.126,-8.251,4.573,-0.29955,-0.46630,-0.57347,0.60375,0.256,0.448,0.848,0.537,1.466,0.684,0.183,-0.549,0.610,0.028,0.138,0.495,310.23,100658.1,55.67,0,0
1196524,121.990,-11.891,0.229,-0.597,-0.201,-0.01469,-0.50767,-0.81218,0.28894,0.260,0.452,0.845,0.830,1.172,0.977,-0.793,-1.099,0.488,0.028,0.137,0.494,310.23,100657.2,55.74,0,0
1197844,105.775,-13.629,-3.451,7.114,3.925,0.38408,-0.38513,-0.83896,0.00093,0.258,0.453,0.840,0.586,0.782,1.075,-0.671,-0.732,0.366,0.028,0.138,0.495,310.24,100658.1,55.67,0,0
1198999,66.808,-28.121,1.059,-1.848,0.109,-0.08731,-0.51658,-0.78671,0.32723,0.259,0.458,0.840,0.537,0.928,0.830,-0.732,-0.793,0.305,0.028,0.137,0.494,310.25,100658.2,55.65,0,0
1200227,23.894,-28.633,-2.948,5.757,2.406,0.30324,-0.42049,-0.85145,0.07464,0.259,0.455,0.845,1.075,0.830,0.977,-1.160,-0.183,0.305,0.028,0.139,0.496,310.24,100657.5,55.71,0,0
1201627,-23.530,-29.031,2.743,-5.216,2.124,-0.26487,-0.52161,-0.69473,0.41993,0.259,0.450,0.838,0.928,0.879,0.733,-0.366,-0.122,0.366,0.028,0.137,0.495,310.22,100658.5,55.63,0,0
1203127,-69.580,-30.001,-1.930,3.753,1.024,0.19472,-0.45732,-0.85443,0.15432,0.261,0.457,0.842,1.075,1.124,0.733,-0.610,-0.793,0.366,0.028,0.140,0.496,310.21,100658.0,55.67,0,0
1204383,-100.609,-22.410,3.390,-6.134,3.163,-0.32441,-0.51434,-0.65904,0.44355,0.260,0.459,0.842,0.684,0.293,1.026,-1.221,-0.549,0.183,0.029,0.138,0.495,310.23,100658.1,55.66,0,0
1205643,-150.322,-22.977,-0.744,1.541,0.441,0.08087,-0.48221,-0.84231,0.22489,0.260,0.452,0.836,0.928,0.977,0.830,-0.793,-0.732,0.305,0.028,0.140,0.496,310.17,100657.8,55.69,0,0
1207043,-204.073,1.482,3.724,-8.227,6.559,-0.44561,-0.48027,-0.53244,0.53719,0.263,0.461,0.841,1.172,0.586,0.977,-0.244,-0.244,0.549,0.029,0.139,0.494,310.17,100658.1,55.67,0,0
1208316,-372.787,24.251,0.904,-1.767,1.036,-0.07313,-0.50400,-0.79613,0.32548,0.257,0.459,0.838,0.684,1.172,0.782,-0.854,-0.732,0.244,0.028,0.140,0.496,310.19,100657.9,55.68,0,0
1209591,-2492.794,609.148,-2.985,5.933,8.066,0.30971,-0.40807,-0.85635,0.06510,0.258,0.460,0.837,0.879,1.221,1.075,-0.549,-0.610,0.488,0.029,0.138,0.494,310.20,100657.6,55.70,0,0
1210954,247.765,-201.978,2.607,-4.877,0.934,-0.24294,-0.51457,-0.71105,0.41412,0.258,0.461,0.840,0.782,0.684,1.124,-0.732,-0.122,0.305,0.028,0.141,0.496,310.26,100658.4,55.64,0,0
1212339,-71.131,-167.151,-1.815,3.614,0.608,0.18399,-0.45295,-0.85832,0.15650,0.257,0.458,0.841,0.733,1.026,1.270,-0.671,-0.793,0.366,0.029,0.139,0.495,310.22,100657.1,55.75,0,0
1213614,-272.832,-158.257,3.108,-6.624,3.445,-0.32461,-0.50247,-0.64301,0.47898,0.261,0.470,0.839,0.830,0.684,0.635,0.061,-0.610,0.427,0.029,0.142,0.495,310.22,100657.6,55.70,0,0
1214857,-399.919,-126.135,-0.312,1.037,0.483,0.05097,-0.48510,-0.83860,0.24106,0.260,0.466,0.836,1.124,0.684,0.830,-0.977,-0.366,0.549,0.029,0.141,0.494,310.25,100657.8,55.68,0,0
1216267,-347.774,-48.392,3.070,-8.790,7.620,-0.44589,-0.45200,-0.49129,0.59729,0.263,0.464,0.836,0.684,0.830,0.782,-0.305,-0.916,0.793,0.029,0.142,0.496,310.26,100658.0,55.67,0,0
1217727,-254.272,-17.301,0.818,-1.950,0.704,-0.07326,-0.49824,-0.79521,0.33895,0.258,0.467,0.836,1.417,1.319,0.977,-0.671,-0.366,0.427,0.030,0.140,0.494,310.26,100657.5,55.71,0,0
1218985,-168.673,8.280,-2.554,5.954,2.864,0.28869,-0.41280,-0.86191,0.05773,0.258,0.470,0.834,0.879,0.684,0.782,-0.244,-0.427,0.549,0.029,0.142,0.496,310.27,100657.9,55.68,0,0
